customer_id,first_name,last_name,phone,email,street,city,state_zip
1347,Kate,Barber,NULL,kate.barber@hotmail.com,46 W. Oak Valley Ave.,Saratoga Springs,"NY,12866"
377,Klara,Mosley,NULL,klara.mosley@gmail.com,518 Devon Court,Port Chester,"NY,10573"
1096,Tonda,Webb,NULL,tonda.webb@yahoo.com,53 SW. Edgemont Rd.,Baldwinsville,"NY,13027"
134,Brianna,Moss,(516) 156-8031,brianna.moss@msn.com,4 Longfellow St.,Hempstead,"NY,11550"
598,Benito,Hendrix,NULL,benito.hendrix@gmail.com,676 S. Bowman Lane,Depew,"NY,14043"
1044,Zenia,Bruce,NULL,zenia.bruce@aol.com,349 James Road,Rosedale,"NY,11422"
1311,Whitley,Cannon,NULL,whitley.cannon@msn.com,614 High Point Lane,Coram,"NY,11727"
638,Tomeka,Higgins,NULL,tomeka.higgins@msn.com,591 W. Corona St.,Poughkeepsie,"NY,12601"
1341,Rozanne,Reyes,NULL,rozanne.reyes@aol.com,11 W. Surrey Drive,Garden City,"NY,11530"
1009,Deangelo,Cooley,NULL,deangelo.cooley@aol.com,3 NE. Edgewood Rd.,Rosedale,"NY,11422"
979,Ingeborg,Ellison,NULL,ingeborg.ellison@yahoo.com,360 Trusel St.,Ithaca,"NY,14850"
1185,Corine,Stuart,NULL,corine.stuart@msn.com,5 Penn Street,Clifton Park,"NY,12065"
351,Margorie,Wynn,NULL,margorie.wynn@gmail.com,707 Schoolhouse St.,Monsey,"NY,10952"
29,Syreeta,Hendricks,NULL,syreeta.hendricks@msn.com,193 Spruce Road,Mahopac,"NY,10541"
524,Larraine,Horn,NULL,larraine.horn@msn.com,368 South Summerhouse Dr.,Utica,"NY,13501"
789,Tad,Gardner,NULL,tad.gardner@hotmail.com,9745 E. Wilson St.,Niagara Falls,"NY,14304"
632,Yvette,Rogers,NULL,yvette.rogers@aol.com,3 SE. Oklahoma Drive,Franklin Square,"NY,11010"
832,Pamala,Fowler,NULL,pamala.fowler@gmail.com,399 Leatherwood St.,Ballston Spa,"NY,12020"
825,Kristel,Byrd,NULL,kristel.byrd@hotmail.com,9967 Piper Street,Hicksville,"NY,11801"
1278,Loan,Graham,NULL,loan.graham@yahoo.com,57 Glen Eagles St.,Jackson Heights,"NY,11372"
1295,Alline,Beasley,NULL,alline.beasley@yahoo.com,8704 NE. Olive Ave.,North Tonawanda,"NY,14120"
115,Rey,Lindsay,NULL,rey.lindsay@gmail.com,16 Philmont St.,Monroe,"NY,10950"
283,Jaimee,Day,NULL,jaimee.day@aol.com,7534 Whitemarsh Ave.,Poughkeepsie,"NY,12601"
354,Tonda,Armstrong,NULL,tonda.armstrong@aol.com,19 Forest Rd.,Sunnyside,"NY,11104"
1168,Almeta,Benjamin,NULL,almeta.benjamin@aol.com,8456 Oakwood St.,Sunnyside,"NY,11104"
1026,Jenine,Dawson,NULL,jenine.dawson@msn.com,17 Park Street,Endicott,"NY,13760"
1082,Divina,Madden,(562) 264-3998,divina.madden@gmail.com,7314 Armstrong St.,Long Beach,"NY,11561"
699,Zella,Fernandez,NULL,zella.fernandez@yahoo.com,8 Marshall Dr.,Rockville Centre,"NY,11570"
333,Ami,Mcmahon,NULL,ami.mcmahon@aol.com,566 Hilldale Drive,Sunnyside,"NY,11104"
421,Iola,Rasmussen,NULL,iola.rasmussen@yahoo.com,283 N. Manor Station Dr.,Monroe,"NY,10950"
851,Arlena,Buckner,NULL,arlena.buckner@hotmail.com,629 Locust Ave.,New Hyde Park,"NY,11040"
1212,Jaqueline,Cummings,NULL,jaqueline.cummings@hotmail.com,478 Wrangler St.,Huntington Station,"NY,11746"
595,Frederica,Rojas,NULL,frederica.rojas@yahoo.com,7835 West Jockey Hollow Rd.,Ithaca,"NY,14850"
921,Evelin,Vargas,NULL,evelin.vargas@msn.com,7049 Pin Oak Ave.,Webster,"NY,14580"
573,Rubye,Mccall,(248) 764-3359,rubye.mccall@hotmail.com,71 Sherwood Dr.,Troy,"NY,12180"
1031,Tonja,Bean,NULL,tonja.bean@aol.com,9 Middle River St.,Fairport,"NY,14450"
1322,Ai,Forbes,NULL,ai.forbes@yahoo.com,254 Central St.,Franklin Square,"NY,11010"
1398,Nevada,Hood,NULL,nevada.hood@aol.com,515 Bank Rd.,Hopewell Junction,"NY,12533"
1274,Odette,Moses,NULL,odette.moses@gmail.com,899 Overlook Lane,Newburgh,"NY,12550"
1444,Ivette,Estes,NULL,ivette.estes@gmail.com,88 N. Canterbury Ave.,Canandaigua,"NY,14424"
655,Marylyn,Browning,NULL,marylyn.browning@msn.com,915 Lakeshore Street,Scarsdale,"NY,10583"
1421,Edris,Barrett,NULL,edris.barrett@hotmail.com,36 Pulaski Drive,Plattsburgh,"NY,12901"
1086,Cori,Schwartz,NULL,cori.schwartz@msn.com,43 Lancaster Lane,Jamaica,"NY,11432"
943,Lynn,Mcmahon,NULL,lynn.mcmahon@msn.com,9 Surrey St.,Scarsdale,"NY,10583"
793,Chantay,Maynard,NULL,chantay.maynard@gmail.com,7483 1st Ave.,Elmhurst,"NY,11373"
924,Lea,Irwin,NULL,lea.irwin@gmail.com,845 Adams Lane,New Windsor,"NY,12553"
772,Latricia,Lindsey,NULL,latricia.lindsey@hotmail.com,288 Campfire Dr.,Yorktown Heights,"NY,10598"
464,Bess,Mcbride,NULL,bess.mcbride@yahoo.com,9832 Winchester St.,Garden City,"NY,11530"
126,Lavina,Dejesus,NULL,lavina.dejesus@msn.com,59 E. Valley Avenue,Newburgh,"NY,12550"
65,Kanesha,Vega,NULL,kanesha.vega@gmail.com,771 E. Oxford Drive,Rome,"NY,13440"
342,Cassondra,Pruitt,NULL,cassondra.pruitt@aol.com,4 Alderwood Circle,Merrick,"NY,11566"
1145,Deandrea,Vega,(914) 818-7312,deandrea.vega@gmail.com,613 Mill Pond St.,Yonkers,"NY,10701"
525,Andreas,Mayer,NULL,andreas.mayer@hotmail.com,8577 Galvin Circle,New Rochelle,"NY,10801"
1244,Trang,Hardin,NULL,trang.hardin@yahoo.com,9255 Myers Drive,Depew,"NY,14043"
969,Jennell,Solis,(507) 421-7354,jennell.solis@hotmail.com,194 2nd Rd.,Rochester,"NY,14606"
417,Zoraida,Patton,NULL,zoraida.patton@aol.com,95 Grand Dr.,Huntington Station,"NY,11746"
1140,Penney,Hall,NULL,penney.hall@msn.com,8306 Jockey Hollow Street,Liverpool,"NY,13090"
144,Hans,Price,NULL,hans.price@hotmail.com,51 Glendale Road,Port Chester,"NY,10573"
428,Hipolito,Padilla,NULL,hipolito.padilla@hotmail.com,311 E. Rose Avenue,New Rochelle,"NY,10801"
1098,Treasa,Dickerson,NULL,treasa.dickerson@hotmail.com,70 W. Creekside Road,Rockville Centre,"NY,11570"
916,Alishia,Elliott,NULL,alishia.elliott@aol.com,8905 Courtland Ave.,Mount Vernon,"NY,10550"
978,Diana,Reyes,NULL,diana.reyes@msn.com,7415 Annadale St.,Bronx,"NY,10451"
1222,Geraldine,O'donnell,NULL,geraldine.o'donnell@hotmail.com,8241 Lookout Rd.,Flushing,"NY,11354"
1236,Rudolph,Velez,NULL,rudolph.velez@yahoo.com,9397 Pleasant Drive,Mount Vernon,"NY,10550"
460,Romelia,Myers,NULL,romelia.myers@msn.com,8630 Brook St.,Garden City,"NY,11530"
228,Whitney,Estes,(631) 315-4020,whitney.estes@gmail.com,454 Bear Hill Street,Brentwood,"NY,11717"
486,Valeri,Marshall,NULL,valeri.marshall@hotmail.com,494 East Brewery Dr.,East Meadow,"NY,11554"
705,Camille,Harvey,NULL,camille.harvey@hotmail.com,859 Beaver Ridge Ave.,Huntington,"NY,11743"
7,Latasha,Hays,(716) 986-3359,latasha.hays@hotmail.com,7014 Manor Station Rd.,Buffalo,"NY,14215"
241,Manie,Sanchez,NULL,manie.sanchez@hotmail.com,471 Illinois Ave.,Queensbury,"NY,12804"
862,Mellie,Puckett,NULL,mellie.puckett@yahoo.com,64 Van Dyke St.,Fresh Meadows,"NY,11365"
414,Romaine,Haley,NULL,romaine.haley@aol.com,737 Edgefield Drive,Ithaca,"NY,14850"
827,George,Pickett,NULL,george.pickett@msn.com,691 Rocky River St.,Sunnyside,"NY,11104"
156,Charlyn,Cantrell,NULL,charlyn.cantrell@yahoo.com,8756 Euclid St.,West Islip,"NY,11795"
1210,Shawnna,Frank,NULL,shawnna.frank@hotmail.com,17 NW. Cottage Lane,Woodside,"NY,11377"
856,Lara,Guy,NULL,lara.guy@aol.com,9809 E. Walnut Drive,Ronkonkoma,"NY,11779"
249,Magda,Eaton,NULL,magda.eaton@aol.com,860 Middle River Street,Ossining,"NY,10562"
1297,Vanessa,West,NULL,vanessa.west@gmail.com,34 Prairie Lane,New Rochelle,"NY,10801"
1342,Lekisha,Pope,NULL,lekisha.pope@msn.com,390 Livingston Avenue,Freeport,"NY,11520"
758,Raymonde,Garcia,NULL,raymonde.garcia@aol.com,55 NE. North St.,Queensbury,"NY,12804"
290,Barry,Buckner,NULL,barry.buckner@gmail.com,8779 High Noon Rd.,Centereach,"NY,11720"
981,Christel,Cardenas,(562) 342-8083,christel.cardenas@aol.com,428 S. Swanson Drive,Long Beach,"NY,11561"
423,Johna,Powers,NULL,johna.powers@hotmail.com,379 Central Ave.,Deer Park,"NY,11729"
1106,Jerri,Henry,NULL,jerri.henry@msn.com,141 N. Purple Finch Avenue,Spring Valley,"NY,10977"
41,Kathie,Freeman,NULL,kathie.freeman@msn.com,667 Temple Dr.,Queensbury,"NY,12804"
483,Gayla,Sims,NULL,gayla.sims@gmail.com,98 Hall Street,Lindenhurst,"NY,11757"
875,Tanesha,Sawyer,NULL,tanesha.sawyer@aol.com,9B Kingston Lane,Rosedale,"NY,11422"
70,Tomasa,Carson,NULL,tomasa.carson@aol.com,10 Clark Avenue,East Elmhurst,"NY,11369"
1137,Dottie,Roberts,NULL,dottie.roberts@aol.com,8252 Theatre St.,Port Washington,"NY,11050"
679,Tuan,Wolfe,NULL,tuan.wolfe@aol.com,7641 Oak Meadow Dr.,West Babylon,"NY,11704"
329,Marilyn,Frank,NULL,marilyn.frank@aol.com,8878 Branch Street,Port Chester,"NY,10573"
111,Shila,White,NULL,shila.white@msn.com,94 Lakeshore Street,Orchard Park,"NY,14127"
405,Greta,Page,NULL,greta.page@hotmail.com,8316 Augusta Drive,Commack,"NY,11725"
966,Novella,Patel,NULL,novella.patel@gmail.com,500 Livingston Street,Glen Cove,"NY,11542"
1411,Shanda,Stevenson,NULL,shanda.stevenson@yahoo.com,9547 N. Courtland St.,Freeport,"NY,11520"
568,Arcelia,Vinson,NULL,arcelia.vinson@gmail.com,40 Dogwood St.,West Islip,"NY,11795"
1409,Lamar,Bush,(716) 294-7174,lamar.bush@msn.com,76 Lilac Drive,Buffalo,"NY,14215"
707,Terese,Briggs,NULL,terese.briggs@msn.com,16 N. Oak Valley St.,Woodside,"NY,11377"
742,Evelina,Manning,NULL,evelina.manning@aol.com,7515 Spring St.,Mount Vernon,"NY,10550"
1299,Shauna,Edwards,NULL,shauna.edwards@msn.com,8 Dogwood Ave.,Yorktown Heights,"NY,10598"
321,Chere,Hardin,NULL,chere.hardin@yahoo.com,763 Fulton Road,Brooklyn,"NY,11201"
812,Martha,Burgess,NULL,martha.burgess@msn.com,9631 St Margarets Lane,Woodhaven,"NY,11421"
831,Lory,Berg,NULL,lory.berg@aol.com,64 Vine Drive,Oswego,"NY,13126"
1148,Lenore,Valdez,NULL,lenore.valdez@msn.com,829 Birchpond Street,Spring Valley,"NY,10977"
1027,Shanita,Wiley,NULL,shanita.wiley@yahoo.com,121 Bridge Lane,Saint Albans,"NY,11412"
820,Sandy,Mills,NULL,sandy.mills@gmail.com,333 Olive Ave.,Schenectady,"NY,12302"
456,Serina,Hensley,NULL,serina.hensley@yahoo.com,53 Proctor Drive,Jamaica,"NY,11432"
480,Garland,Weaver,NULL,garland.weaver@gmail.com,7161 Goldfield Court,Amsterdam,"NY,12010"
500,Moira,Lester,NULL,moira.lester@msn.com,496 Greystone Court,Jackson Heights,"NY,11372"
1324,Arla,Ellis,NULL,arla.ellis@yahoo.com,127 Crescent Ave.,Utica,"NY,13501"
1179,Vernetta,Banks,NULL,vernetta.banks@aol.com,7633 Albany St.,Brooklyn,"NY,11201"
739,Bobbi,Banks,NULL,bobbi.banks@yahoo.com,396 Wagon Rd.,Bayside,"NY,11361"
58,Damien,Dorsey,NULL,damien.dorsey@yahoo.com,161 Old York Street,Central Islip,"NY,11722"
902,Elease,Dejesus,NULL,elease.dejesus@gmail.com,7800 Magnolia Street,Oswego,"NY,13126"
512,Hee,Greer,NULL,hee.greer@hotmail.com,41 North Garfield Ave.,Selden,"NY,11784"
337,Majorie,Wyatt,NULL,majorie.wyatt@yahoo.com,8507 Miller St.,South Ozone Park,"NY,11420"
1407,Hugh,Craft,NULL,hugh.craft@msn.com,8716 Homewood Court,Centereach,"NY,11720"
226,Kiana,Rivera,NULL,kiana.rivera@gmail.com,9 Sheffield Dr.,Richmond Hill,"NY,11418"
1100,Penny,Acevedo,NULL,penny.acevedo@yahoo.com,318 Mulberry Drive,Ballston Spa,"NY,12020"
223,Scarlet,Yates,NULL,scarlet.yates@hotmail.com,687 Shirley St.,Patchogue,"NY,11772"
797,Cathey,Lamb,NULL,cathey.lamb@msn.com,9621 Ryan Drive,Bayside,"NY,11361"
177,Carissa,Foreman,NULL,carissa.foreman@msn.com,69C N. Ridge Rd.,Maspeth,"NY,11378"
732,Lavona,Austin,NULL,lavona.austin@yahoo.com,926 South Euclid St.,Utica,"NY,13501"
457,Jeni,Farley,NULL,jeni.farley@aol.com,4 Mill Lane,Richmond Hill,"NY,11418"
103,Sylvie,Wilkerson,NULL,sylvie.wilkerson@yahoo.com,750 Central Ave.,Syosset,"NY,11791"
997,Trinidad,Mcclain,NULL,trinidad.mcclain@msn.com,98 Tunnel Drive,Baldwin,"NY,11510"
741,Laci,Castro,NULL,laci.castro@hotmail.com,130 Birchpond Street,Saint Albans,"NY,11412"
895,Elaina,Key,NULL,elaina.key@msn.com,1 Main St.,Plainview,"NY,11803"
971,Samual,Warner,(631) 151-4988,samual.warner@gmail.com,8735 Thatcher Dr.,Brentwood,"NY,11717"
1156,Han,Wade,NULL,han.wade@hotmail.com,587 Sulphur Springs St.,Howard Beach,"NY,11414"
582,Soledad,Moses,NULL,soledad.moses@yahoo.com,85 Hickory Ave.,Jackson Heights,"NY,11372"
1388,Nanette,Harris,NULL,nanette.harris@hotmail.com,26 Pin Oak Lane,East Meadow,"NY,11554"
630,Zulema,Browning,NULL,zulema.browning@gmail.com,12 NW. Lafayette St.,Amsterdam,"NY,12010"
308,Mazie,Fernandez,NULL,mazie.fernandez@hotmail.com,583 Harvard Ave.,Webster,"NY,14580"
352,Josef,Greer,NULL,josef.greer@gmail.com,92 Summer Court,Jamaica,"NY,11432"
12,Robby,Sykes,(516) 583-7761,robby.sykes@hotmail.com,486 Rock Maple Street,Hempstead,"NY,11550"
604,Kylee,Dickson,NULL,kylee.dickson@gmail.com,7908 Sherwood Street,Amityville,"NY,11701"
504,Tiana,Henderson,NULL,tiana.henderson@aol.com,62 Orange St.,Franklin Square,"NY,11010"
1391,Sheryl,Chase,NULL,sheryl.chase@gmail.com,388 Cedar Avenue,Floral Park,"NY,11001"
1170,Mechelle,Chan,NULL,mechelle.chan@gmail.com,458 Overlook Street,Richmond Hill,"NY,11418"
1184,Annabelle,Hebert,NULL,annabelle.hebert@aol.com,9745 Nicolls Lane,Spring Valley,"NY,10977"
822,Kristy,Watkins,NULL,kristy.watkins@gmail.com,977 South Brook Ave.,Howard Beach,"NY,11414"
489,Kirstie,Vazquez,NULL,kirstie.vazquez@gmail.com,8006 Rockland Ave.,Saratoga Springs,"NY,12866"
1435,Merrie,Fowler,NULL,merrie.fowler@aol.com,532 Leatherwood Ave.,Scarsdale,"NY,10583"
897,Bettyann,Acosta,(717) 746-6658,bettyann.acosta@gmail.com,7949 Chapel St.,Lancaster,"NY,14086"
1187,Kenyetta,Mason,NULL,kenyetta.mason@msn.com,98 Poplar Ave.,Flushing,"NY,11354"
479,Gertha,Mejia,NULL,gertha.mejia@yahoo.com,518 Orchard St.,Flushing,"NY,11354"
147,Bernetta,Marquez,NULL,bernetta.marquez@hotmail.com,626 E. Dunbar Street,Smithtown,"NY,11787"
909,Alita,Salinas,NULL,alita.salinas@hotmail.com,8550 Bear Hill Ave.,Uniondale,"NY,11553"
202,Marni,Bolton,(717) 670-6268,marni.bolton@msn.com,7469 Plymouth Ave.,Lancaster,"NY,14086"
1399,Angelika,Perry,NULL,angelika.perry@msn.com,7684 South Branch Drive,Canandaigua,"NY,14424"
611,Ashleigh,Frank,NULL,ashleigh.frank@gmail.com,9008 Plymouth Street,Levittown,"NY,11756"
1241,Nathaniel,Davidson,NULL,nathaniel.davidson@hotmail.com,7476 Henry Smith Street,Rome,"NY,13440"
508,Vance,Taylor,(717) 218-5607,vance.taylor@msn.com,8279 Military Dr.,Lancaster,"NY,14086"
473,Lashawna,Richardson,NULL,lashawna.richardson@hotmail.com,9920 Purple Finch St.,Baldwin,"NY,11510"
1345,Arie,Hunter,NULL,arie.hunter@msn.com,66 Old State Rd.,Flushing,"NY,11354"
1159,Charlene,Norris,NULL,charlene.norris@msn.com,972 South Sierra Drive,Syosset,"NY,11791"
425,Augustina,Joyner,NULL,augustina.joyner@aol.com,7931 Honey Creek Court,Mount Vernon,"NY,10550"
667,Etsuko,Garrison,NULL,etsuko.garrison@yahoo.com,1 Arrowhead Street,Richmond Hill,"NY,11418"
727,Kasha,Sullivan,NULL,kasha.sullivan@hotmail.com,48 Foster Rd.,Scarsdale,"NY,10583"
281,Rayna,Perry,NULL,rayna.perry@hotmail.com,7238 Oakland St.,Ozone Park,"NY,11417"
636,Ashton,Lott,NULL,ashton.lott@hotmail.com,609 Windfall Lane,Floral Park,"NY,11001"
255,Flossie,Holder,NULL,flossie.holder@msn.com,8459 W. Newport Court,Massapequa Park,"NY,11762"
122,Shena,Carter,NULL,shena.carter@yahoo.com,72 University Road,Howard Beach,"NY,11414"
1126,Elmira,Levy,NULL,elmira.levy@gmail.com,6 Columbia Dr.,Spring Valley,"NY,10977"
918,Kristel,Bullock,NULL,kristel.bullock@yahoo.com,7292 Armstrong Drive,Smithtown,"NY,11787"
643,Melba,Wilkinson,NULL,melba.wilkinson@gmail.com,255 Harvard Dr.,Floral Park,"NY,11001"
1146,Charlsie,Carson,NULL,charlsie.carson@hotmail.com,3 South Grant Avenue,Saint Albans,"NY,11412"
62,Alica,Hunter,NULL,alica.hunter@hotmail.com,8 San Juan Drive,East Elmhurst,"NY,11369"
1050,Rozella,Fitzgerald,NULL,rozella.fitzgerald@yahoo.com,7795 Myers Ave.,Shirley,"NY,11967"
96,Floretta,Higgins,NULL,floretta.higgins@hotmail.com,870 Lilac Dr.,Bayside,"NY,11361"
180,Karey,Steele,NULL,karey.steele@gmail.com,8879 Kent Lane,Farmingdale,"NY,11735"
1226,Qiana,Jackson,NULL,qiana.jackson@gmail.com,56 Galvin Street,East Northport,"NY,11731"
1331,Divina,Reeves,NULL,divina.reeves@hotmail.com,767 Bradford Dr.,Newburgh,"NY,12550"
510,Faustino,Delacruz,NULL,faustino.delacruz@msn.com,88 West Greenview Street,South Richmond Hill,"NY,11419"
1122,Cicely,Deleon,NULL,cicely.deleon@yahoo.com,751 Newbridge Ave.,Massapequa Park,"NY,11762"
650,Rita,Bailey,NULL,rita.bailey@hotmail.com,69 Glenwood Street,Ossining,"NY,10562"
274,Josh,Shaw,NULL,josh.shaw@gmail.com,212 North Leeton Ridge Street,Hopewell Junction,"NY,12533"
293,Tiny,French,NULL,tiny.french@hotmail.com,7163 Hall St.,Plainview,"NY,11803"
801,Ophelia,Rodgers,NULL,ophelia.rodgers@gmail.com,133 Joy Ridge Drive,Hopewell Junction,"NY,12533"
908,Delmar,Wise,NULL,delmar.wise@yahoo.com,8355 Kingston Avenue,Lockport,"NY,14094"
709,Vinnie,Chan,NULL,vinnie.chan@aol.com,8750 Surrey St.,Forest Hills,"NY,11375"
1325,Magdalena,Sherman,NULL,magdalena.sherman@gmail.com,176 Sunbeam St.,Oswego,"NY,13126"
222,Anya,Contreras,NULL,anya.contreras@msn.com,38 Old Fairground St.,East Northport,"NY,11731"
527,Afton,Juarez,NULL,afton.juarez@gmail.com,8330 Riverview Drive,Coram,"NY,11727"
227,Danielle,Bond,NULL,danielle.bond@msn.com,8589 Shub Farm Street,Patchogue,"NY,11772"
1243,Heide,Reed,NULL,heide.reed@yahoo.com,9174 Coffee Drive,Floral Park,"NY,11001"
1277,Piedad,Irwin,NULL,piedad.irwin@hotmail.com,581 Garden St.,Coram,"NY,11727"
1385,Kenton,Hughes,NULL,kenton.hughes@gmail.com,632 Sleepy Hollow Drive,Canandaigua,"NY,14424"
1227,Magali,Dixon,(248) 279-5331,magali.dixon@msn.com,815 Del Monte Court,Troy,"NY,12180"
193,Ayanna,Rhodes,NULL,ayanna.rhodes@msn.com,7425 Pheasant St.,Hicksville,"NY,11801"
1310,Emanuel,Mckee,NULL,emanuel.mckee@yahoo.com,9411 Lake Dr.,Schenectady,"NY,12302"
140,Cleopatra,Tate,NULL,cleopatra.tate@aol.com,97 N. Glenwood St.,East Elmhurst,"NY,11369"
54,Fran,Yang,NULL,fran.yang@hotmail.com,440 Pearl St.,Utica,"NY,13501"
809,Elnora,Simpson,NULL,elnora.simpson@yahoo.com,7157 Shore Ave.,Bellmore,"NY,11710"
563,Rodney,Odom,NULL,rodney.odom@yahoo.com,7782 North Deerfield Lane,Richmond Hill,"NY,11418"
1235,Georgina,Gonzales,NULL,georgina.gonzales@yahoo.com,307 Chapel St.,Endicott,"NY,13760"
390,Lorrie,Pollard,NULL,lorrie.pollard@yahoo.com,7834 Shore Ave.,Ronkonkoma,"NY,11779"
1376,Kimberley,Reynolds,NULL,kimberley.reynolds@aol.com,8475 Homewood Street,Port Washington,"NY,11050"
503,Marlo,Jefferson,NULL,marlo.jefferson@gmail.com,39 Trenton Rd.,Niagara Falls,"NY,14304"
944,Tonja,Henderson,NULL,tonja.henderson@aol.com,82 Alton St.,Scarsdale,"NY,10583"
1405,Thanh,Figueroa,NULL,thanh.figueroa@yahoo.com,6 Roberts Drive,Mount Vernon,"NY,10550"
471,Burma,Summers,NULL,burma.summers@yahoo.com,890 East Elmwood Street,Freeport,"NY,11520"
1309,Kimberli,Cline,NULL,kimberli.cline@yahoo.com,7115 Stonybrook Court,Centereach,"NY,11720"
597,Rudolf,Moran,NULL,rudolf.moran@gmail.com,5 Birchwood Rd.,Maspeth,"NY,11378"
463,Jerlene,Rios,NULL,jerlene.rios@yahoo.com,32 Griffin St.,Plainview,"NY,11803"
837,Kellye,Campbell,NULL,kellye.campbell@gmail.com,75 Marsh St.,Baldwinsville,"NY,13027"
536,Christiane,Bradford,NULL,christiane.bradford@gmail.com,9043 Woodland Ave.,Orchard Park,"NY,14127"
1355,Thad,Gilliam,NULL,thad.gilliam@hotmail.com,8844 Gonzales Court,Levittown,"NY,11756"
805,Phillis,Fowler,NULL,phillis.fowler@aol.com,8976 N. Hall Street,Clifton Park,"NY,12065"
813,Neville,Mcclain,NULL,neville.mcclain@yahoo.com,781 Buttonwood Ave.,West Hempstead,"NY,11552"
468,Jeanett,Herman,NULL,jeanett.herman@hotmail.com,839 East Arch Street,Lindenhurst,"NY,11757"
450,Ellsworth,Michael,NULL,ellsworth.michael@yahoo.com,9982 White St.,Carmel,"NY,10512"
724,Lois,Steele,NULL,lois.steele@yahoo.com,7501 South Marlborough Street,Ossining,"NY,10562"
45,Bennett,Armstrong,NULL,bennett.armstrong@aol.com,688 Walnut Street,Bethpage,"NY,11714"
1092,Lavinia,Cotton,NULL,lavinia.cotton@yahoo.com,7485 Bridle Street,East Northport,"NY,11731"
1290,Minnie,Compton,NULL,minnie.compton@gmail.com,185 Hudson Street,South Richmond Hill,"NY,11419"
73,Melanie,Hayes,NULL,melanie.hayes@msn.com,5 N. Hall Dr.,Liverpool,"NY,13090"
1393,Vivian,Deleon,NULL,vivian.deleon@msn.com,9925 Hamilton Street,Jamaica,"NY,11432"
965,Margit,Osborn,NULL,margit.osborn@yahoo.com,909 Gulf Drive,Plainview,"NY,11803"
1270,Ciera,Webb,NULL,ciera.webb@yahoo.com,958 Anderson Ave.,Orchard Park,"NY,14127"
1198,Cheryll,Snyder,NULL,cheryll.snyder@yahoo.com,77 E. Liberty St.,Brooklyn,"NY,11201"
935,Genevie,Miles,NULL,genevie.miles@aol.com,45 West Sulphur Springs Ave.,Monroe,"NY,10950"
938,Emory,O'connor,(507) 606-2192,emory.o'connor@gmail.com,34 Foxrun Street,Rochester,"NY,14606"
970,Ruth,Horton,NULL,ruth.horton@gmail.com,488 Mulberry Ave.,Hollis,"NY,11423"
38,Zelma,Browning,NULL,zelma.browning@aol.com,296 Second Street,Astoria,"NY,11102"
1101,Louise,Flowers,NULL,louise.flowers@yahoo.com,28 N. Gregory Court,Depew,"NY,14043"
493,Lise,Alvarado,NULL,lise.alvarado@gmail.com,9816 Newcastle Dr.,Hamburg,"NY,14075"
795,Mariam,Miranda,NULL,mariam.miranda@aol.com,18 East Washington Avenue,Franklin Square,"NY,11010"
1018,Carita,Salinas,NULL,carita.salinas@yahoo.com,90 Griffin Street,Maspeth,"NY,11378"
1060,Tommie,Cooley,(717) 634-4113,tommie.cooley@yahoo.com,92 Hickory St.,Lancaster,"NY,14086"
1252,Adriene,Rollins,NULL,adriene.rollins@msn.com,55 Cambridge Street,Plainview,"NY,11803"
1083,Cher,Alston,NULL,cher.alston@msn.com,38 Wild Horse Road,Wantagh,"NY,11793"
586,Ulysses,Gaines,NULL,ulysses.gaines@aol.com,22 Gregory Lane,Monsey,"NY,10952"
1209,Deandrea,Cox,NULL,deandrea.cox@msn.com,617 Sycamore Street,Huntington,"NY,11743"
1350,Annett,Rush,NULL,annett.rush@hotmail.com,758 Fordham Lane,Rosedale,"NY,11422"
158,Alane,Kennedy,NULL,alane.kennedy@yahoo.com,34 Green Lake Street,Spring Valley,"NY,10977"
534,Alejandro,Haney,NULL,alejandro.haney@msn.com,3 Griffin Street,Wantagh,"NY,11793"
887,Graig,Cannon,NULL,graig.cannon@gmail.com,36 Oklahoma Ave.,Syosset,"NY,11791"
102,Marisol,Goodman,NULL,marisol.goodman@gmail.com,864 East Cherry St.,Canandaigua,"NY,14424"
1387,Phylicia,Stout,NULL,phylicia.stout@aol.com,8842 Littleton Lane,Canandaigua,"NY,14424"
1084,Regine,Odom,NULL,regine.odom@msn.com,684 N. Mayfield Ave.,Franklin Square,"NY,11010"
1069,Rodolfo,Buck,NULL,rodolfo.buck@gmail.com,8359 Brewery Street,Shirley,"NY,11967"
1269,Gustavo,Gamble,NULL,gustavo.gamble@msn.com,8054 W. Meadowbrook Street,Port Washington,"NY,11050"
431,Luciano,Marsh,NULL,luciano.marsh@aol.com,7685 South Willow Drive,Bellmore,"NY,11710"
750,Romaine,Salazar,NULL,romaine.salazar@yahoo.com,7700 Wentworth Rd.,Monsey,"NY,10952"
388,Aleta,Stone,NULL,aleta.stone@aol.com,8 Elm Dr.,Whitestone,"NY,11357"
1282,Alexis,Mack,(845) 707-6088,alexis.mack@aol.com,7767 Sutor Ave.,New City,"NY,10956"
458,Everett,Vega,NULL,everett.vega@yahoo.com,7859 James Ave.,Holbrook,"NY,11741"
1058,Aisha,Woods,NULL,aisha.woods@gmail.com,9292 Bear Hill Ave.,Webster,"NY,14580"
363,Kaci,Gallegos,NULL,kaci.gallegos@gmail.com,8573 Halifax St.,Ballston Spa,"NY,12020"
152,Katherina,Odom,NULL,katherina.odom@yahoo.com,897 N. Oak Drive,Plainview,"NY,11803"
572,Wm,Pope,NULL,wm.pope@msn.com,212 Marsh Court,Auburn,"NY,13021"
737,Melita,Dominguez,NULL,melita.dominguez@msn.com,9903 Santa Clara Lane,Auburn,"NY,13021"
968,Jonna,Brown,NULL,jonna.brown@aol.com,1 Spring Drive,Mahopac,"NY,10541"
1229,Carina,Lynch,NULL,carina.lynch@gmail.com,64 Jennings Road,Wappingers Falls,"NY,12590"
19,Lizzette,Stein,NULL,lizzette.stein@yahoo.com,19 Green Hill Lane,Orchard Park,"NY,14127"
52,Tu,Ramirez,NULL,tu.ramirez@hotmail.com,24 W. Courtland Street,East Elmhurst,"NY,11369"
556,Vernell,Goff,NULL,vernell.goff@msn.com,77 Cobblestone St.,Monroe,"NY,10950"
79,Ashanti,Parks,NULL,ashanti.parks@hotmail.com,846 N. Helen St.,Baldwin,"NY,11510"
1033,Jeannette,Skinner,NULL,jeannette.skinner@yahoo.com,8886 High Point Drive,Forest Hills,"NY,11375"
215,Judith,Finley,NULL,judith.finley@hotmail.com,474 West Bank Road,Whitestone,"NY,11357"
358,Kandace,Giles,NULL,kandace.giles@msn.com,30 NE. Walt Whitman Drive,Wantagh,"NY,11793"
823,Tina,Bush,NULL,tina.bush@aol.com,8038 Bellevue Street,Maspeth,"NY,11378"
371,Loni,Duncan,NULL,loni.duncan@gmail.com,80 Saxton Lane,Rosedale,"NY,11422"
410,Conception,Slater,NULL,conception.slater@gmail.com,5 Sunset Street,Bellmore,"NY,11710"
264,Mariela,Huffman,NULL,mariela.huffman@gmail.com,531 Fieldstone Road,Garden City,"NY,11530"
799,India,Barron,NULL,india.barron@msn.com,834 W. Pleasant Rd.,Huntington,"NY,11743"
1245,Gabriela,Warren,(562) 986-2247,gabriela.warren@aol.com,9947 Brewery Ave.,Long Beach,"NY,11561"
395,Fairy,Robinson,NULL,fairy.robinson@msn.com,8837 Joy Ridge St.,Liverpool,"NY,13090"
583,Lashandra,Turner,(562) 327-9469,lashandra.turner@hotmail.com,11 Marlborough Rd.,Long Beach,"NY,11561"
125,Herlinda,Stone,NULL,herlinda.stone@msn.com,725 Gulf St.,Canandaigua,"NY,14424"
1406,Farrah,Orr,NULL,farrah.orr@msn.com,8711 W. Ashley St.,New Hyde Park,"NY,11040"
629,Evelina,Byrd,(716) 601-7704,evelina.byrd@msn.com,628 S. Church St.,Buffalo,"NY,14215"
596,Emelda,Dickerson,NULL,emelda.dickerson@aol.com,7457 6th St.,Hamburg,"NY,14075"
517,Buford,Gilbert,NULL,buford.gilbert@yahoo.com,9 East Ketch Harbour Street,Bellmore,"NY,11710"
977,Barton,Cox,NULL,barton.cox@yahoo.com,8220 Creekside Street,Amityville,"NY,11701"
614,Toshia,Cardenas,NULL,toshia.cardenas@gmail.com,878 Bayberry Street,Amsterdam,"NY,12010"
716,Sebrina,Hart,NULL,sebrina.hart@yahoo.com,7679 Pacific St.,Coram,"NY,11727"
365,Rodger,Rojas,NULL,rodger.rojas@yahoo.com,8442 Cooper Ave.,Bayside,"NY,11361"
382,Collin,Webster,NULL,collin.webster@aol.com,475 Cottage Rd.,Howard Beach,"NY,11414"
1442,Cassie,Cline,NULL,cassie.cline@gmail.com,947 Lafayette Drive,Brooklyn,"NY,11201"
93,Corrina,Sawyer,(248) 370-1364,corrina.sawyer@yahoo.com,95 Briarwood Lane,Troy,"NY,12180"
1246,Dale,Rasmussen,NULL,dale.rasmussen@aol.com,8590 Adams Street,Kingston,"NY,12401"
303,Rolanda,Larsen,NULL,rolanda.larsen@yahoo.com,5 West University Court,Woodhaven,"NY,11421"
397,Jeannie,Wilcox,NULL,jeannie.wilcox@yahoo.com,7744 Miles Dr.,Franklin Square,"NY,11010"
999,Latoya,Johns,NULL,latoya.johns@hotmail.com,7914 W. Woodsman St.,Ballston Spa,"NY,12020"
1116,Patria,Harper,NULL,patria.harper@msn.com,90 Arlington St.,Astoria,"NY,11102"
106,Raul,Melendez,NULL,raul.melendez@hotmail.com,9772 Manhattan St.,Elmhurst,"NY,11373"
182,Jenniffer,Bullock,NULL,jenniffer.bullock@msn.com,38 Oxford Avenue,Bay Shore,"NY,11706"
613,Margene,Eaton,NULL,margene.eaton@yahoo.com,43 Sugar Street,Wantagh,"NY,11793"
37,Melia,Brady,NULL,melia.brady@gmail.com,907 Shirley Rd.,Maspeth,"NY,11378"
1404,Loyce,Conway,NULL,loyce.conway@aol.com,729 State Lane,Central Islip,"NY,11722"
1362,Christiana,Gross,NULL,christiana.gross@yahoo.com,645 North Richardson Road,Orchard Park,"NY,14127"
461,Effie,Jenkins,(631) 477-1277,effie.jenkins@msn.com,75 South Glen Eagles Court,Brentwood,"NY,11717"
771,Agnes,Sims,(716) 780-9901,agnes.sims@aol.com,170 Queen Lane,Buffalo,"NY,14215"
1306,America,Swanson,NULL,america.swanson@msn.com,83 South Arlington Lane,Webster,"NY,14580"
542,Timothy,Byers,NULL,timothy.byers@msn.com,8645 Devonshire Lane,Ronkonkoma,"NY,11779"
167,Loreta,Johnston,NULL,loreta.johnston@yahoo.com,39 Lafayette Dr.,Spring Valley,"NY,10977"
498,Edda,Young,NULL,edda.young@gmail.com,50 S. Airport Street,North Tonawanda,"NY,14120"
323,Jeniffer,Slater,NULL,jeniffer.slater@aol.com,30 Old Orange Lane,Schenectady,"NY,12302"
1436,Macie,Ayers,NULL,macie.ayers@msn.com,8730 Longfellow St.,Bellmore,"NY,11710"
804,Douglas,Richards,NULL,douglas.richards@hotmail.com,221 Arcadia Lane,Valley Stream,"NY,11580"
1204,Leslie,Higgins,NULL,leslie.higgins@hotmail.com,805 Logan Ave.,Saratoga Springs,"NY,12866"
523,Joshua,Robertson,NULL,joshua.robertson@gmail.com,81 Campfire Court,Patchogue,"NY,11772"
1127,Waldo,Hart,NULL,waldo.hart@yahoo.com,9782 Pineknoll Lane,Queensbury,"NY,12804"
146,Stefany,Potter,NULL,stefany.potter@gmail.com,256 South Academy St.,Saratoga Springs,"NY,12866"
618,Skye,Pope,NULL,skye.pope@yahoo.com,121 S. Bay Meadows Ave.,Richmond Hill,"NY,11418"
39,Janetta,Aguirre,(717) 670-2634,janetta.aguirre@aol.com,214 Second Court,Lancaster,"NY,14086"
1339,Neida,King,(442) 778-1121,neida.king@aol.com,137 Bohemia St.,Oceanside,"NY,11572"
1401,Willetta,Murphy,NULL,willetta.murphy@msn.com,436 Devonshire Street,East Elmhurst,"NY,11369"
322,Merideth,Preston,NULL,merideth.preston@yahoo.com,794 Rockaway St.,Poughkeepsie,"NY,12601"
1434,Elana,Miles,NULL,elana.miles@yahoo.com,7077 Euclid Ave.,Liverpool,"NY,13090"
179,Deane,Sears,NULL,deane.sears@hotmail.com,3 Bradford Court,Pittsford,"NY,14534"
870,Dwain,Carlson,NULL,dwain.carlson@gmail.com,951 North Trusel Ave.,Smithtown,"NY,11787"
874,Mila,Good,NULL,mila.good@yahoo.com,812 East Longbranch Ave.,Plattsburgh,"NY,12901"
402,Kerrie,Morton,NULL,kerrie.morton@hotmail.com,8772 State St.,Pittsford,"NY,14534"
210,Priscilla,Wilkins,(229) 322-2269,priscilla.wilkins@aol.com,653 Pawnee Rd.,Albany,"NY,12203"
886,Letisha,May,NULL,letisha.may@yahoo.com,9965 Princeton Lane,North Tonawanda,"NY,14120"
917,Vernia,Madden,(248) 206-3697,vernia.madden@aol.com,5 Iroquois Street,Troy,"NY,12180"
1110,Shirely,Cantrell,NULL,shirely.cantrell@aol.com,6 Kent Street,West Hempstead,"NY,11552"
1414,Sonja,Walls,NULL,sonja.walls@aol.com,30 Marshall Dr.,Queensbury,"NY,12804"
640,Allison,Nolan,(845) 276-5729,allison.nolan@gmail.com,7421 Victoria St.,New City,"NY,10956"
299,Jame,Riggs,NULL,jame.riggs@hotmail.com,9237 Hudson Drive,Bay Shore,"NY,11706"
1412,Adrien,Hunter,NULL,adrien.hunter@yahoo.com,720 Thompson Lane,Rego Park,"NY,11374"
922,Elvia,Cardenas,NULL,elvia.cardenas@hotmail.com,8 Paris Hill St.,Massapequa,"NY,11758"
1369,Starr,Schneider,NULL,starr.schneider@aol.com,77 Mulberry Street,Shirley,"NY,11967"
624,Sharika,Colon,(562) 452-6136,sharika.colon@gmail.com,509 Henry Smith St.,Long Beach,"NY,11561"
558,Carroll,Kelly,NULL,carroll.kelly@yahoo.com,346 Grant Circle,Monroe,"NY,10950"
1143,Sommer,Hopkins,NULL,sommer.hopkins@gmail.com,827 Laurel Ave.,Tonawanda,"NY,14150"
1085,Adam,Thornton,NULL,adam.thornton@hotmail.com,755 East Henry Lane,Central Islip,"NY,11722"
370,Jina,Cooper,NULL,jina.cooper@aol.com,8947 W. Lexington Rd.,Howard Beach,"NY,11414"
490,Yu,Mcdonald,NULL,yu.mcdonald@aol.com,784 Pheasant Rd.,Ossining,"NY,10562"
1389,Ulrike,Chan,NULL,ulrike.chan@aol.com,7949 Lancaster St.,Port Chester,"NY,10573"
350,Christoper,Mccall,NULL,christoper.mccall@msn.com,72 Summit St.,Bay Shore,"NY,11706"
95,Letitia,Franco,NULL,letitia.franco@aol.com,607 Lakeview Drive,Saratoga Springs,"NY,12866"
1038,Garry,Juarez,NULL,garry.juarez@hotmail.com,670 Nut Swamp Drive,Forest Hills,"NY,11375"
623,Cayla,Johnson,NULL,cayla.johnson@msn.com,7091 Rockaway Avenue,Coram,"NY,11727"
1291,Shiloh,Bates,NULL,shiloh.bates@msn.com,15 Wellington Dr.,Monsey,"NY,10952"
773,Yolando,Wade,NULL,yolando.wade@hotmail.com,310 Wilson Ave.,Massapequa,"NY,11758"
1395,Eliseo,Knight,NULL,eliseo.knight@msn.com,693 Holly Street,Woodhaven,"NY,11421"
779,Major,Merrill,NULL,major.merrill@aol.com,78 Thatcher Court,Astoria,"NY,11102"
164,Tomika,Larson,NULL,tomika.larson@yahoo.com,254 Canal St.,Woodside,"NY,11377"
620,Eric,Hardin,NULL,eric.hardin@gmail.com,39 S. Parker Drive,Jamaica,"NY,11432"
941,Danyell,Dickerson,NULL,danyell.dickerson@msn.com,8306 Fieldstone Dr.,Central Islip,"NY,11722"
1095,Corene,Swanson,NULL,corene.swanson@aol.com,597 Lakeshore Lane,Rego Park,"NY,11374"
1010,Katia,Henry,NULL,katia.henry@msn.com,69 E. Columbia Ave.,Bethpage,"NY,11714"
1173,Chanel,May,NULL,chanel.may@msn.com,806 Saxton Court,Garden City,"NY,11530"
133,Delbert,Wilkins,NULL,delbert.wilkins@aol.com,420 Greenview St.,Coram,"NY,11727"
1079,Cindi,Ellis,NULL,cindi.ellis@yahoo.com,6 Cypress Lane,Floral Park,"NY,11001"
980,Carter,Booth,NULL,carter.booth@msn.com,82 Beech Drive,Port Chester,"NY,10573"
1049,Marcelino,Mcbride,NULL,marcelino.mcbride@hotmail.com,29 Oxford Ave.,Clifton Park,"NY,12065"
622,Gabriel,Pitts,NULL,gabriel.pitts@gmail.com,8462 Marshall Drive,Clifton Park,"NY,12065"
853,Brittney,Rojas,NULL,brittney.rojas@aol.com,2 E. Overlook Ave.,Kingston,"NY,12401"
521,Max,Charles,NULL,max.charles@gmail.com,695 St Paul Street,Glen Cove,"NY,11542"
186,Ken,Charles,NULL,ken.charles@msn.com,9124 W. Piper Lane,Monsey,"NY,10952"
1281,Marlen,Dawson,NULL,marlen.dawson@msn.com,67 Oak Valley Street,Woodside,"NY,11377"
1081,Carson,Macias,NULL,carson.macias@gmail.com,7 Pennington St.,New Rochelle,"NY,10801"
1206,Mercy,Brown,NULL,mercy.brown@msn.com,8207 Central Street,Hollis,"NY,11423"
681,Reatha,Perez,NULL,reatha.perez@aol.com,9917 1st St.,Holbrook,"NY,11741"
765,Spring,Hayes,NULL,spring.hayes@hotmail.com,8591 Wentworth St.,Ossining,"NY,10562"
1182,Trinidad,Chapman,NULL,trinidad.chapman@aol.com,7371 Glen Eagles Street,Ronkonkoma,"NY,11779"
225,Barbera,Riggs,NULL,barbera.riggs@aol.com,12 Gartner Drive,Plainview,"NY,11803"
1062,Jerri,Guthrie,NULL,jerri.guthrie@msn.com,95 Sugar Dr.,Carmel,"NY,10512"
343,Jesica,Fields,NULL,jesica.fields@yahoo.com,318 Country Dr.,Commack,"NY,11725"
644,Valentin,Mclaughlin,NULL,valentin.mclaughlin@hotmail.com,56 Squaw Creek Street,Lindenhurst,"NY,11757"
1162,Carmelina,Sellers,NULL,carmelina.sellers@hotmail.com,12 Race St.,Ithaca,"NY,14850"
790,Petronila,Gallegos,NULL,petronila.gallegos@gmail.com,8053 Aspen St.,Howard Beach,"NY,11414"
1273,Cheree,Hale,NULL,cheree.hale@yahoo.com,95 Lyme Avenue,Oswego,"NY,13126"
803,Bernardina,Cooper,NULL,bernardina.cooper@msn.com,223 Glen Creek Ave.,Whitestone,"NY,11357"
1136,Kallie,Best,(507) 997-4112,kallie.best@aol.com,9842 Fairview St.,Rochester,"NY,14606"
491,Celestine,Jacobs,NULL,celestine.jacobs@gmail.com,87 Hanover Rd.,Massapequa,"NY,11758"
961,Iva,Wilcox,NULL,iva.wilcox@aol.com,452 South Mayflower Drive,Kingston,"NY,12401"
591,Danilo,Holmes,NULL,danilo.holmes@gmail.com,657 Manor Station Dr.,Hicksville,"NY,11801"
257,Earl,Stanley,NULL,earl.stanley@gmail.com,569 Lake Lane,Elmhurst,"NY,11373"
76,Parker,Prince,NULL,parker.prince@hotmail.com,21 Sulphur Springs Drive,Port Jefferson Station,"NY,11776"
1023,Adena,Blake,NULL,adena.blake@hotmail.com,684 Westport Drive,Ballston Spa,"NY,12020"
1239,Tara,Maynard,NULL,tara.maynard@hotmail.com,9375 Fordham Street,Lindenhurst,"NY,11757"
857,Inga,Koch,NULL,inga.koch@msn.com,8445 South New Court,New Windsor,"NY,12553"
1390,Genoveva,Lloyd,NULL,genoveva.lloyd@aol.com,706 Devonshire St.,Bayside,"NY,11361"
1124,Hubert,Reilly,NULL,hubert.reilly@hotmail.com,9004 N. Lake Rd.,Amityville,"NY,11701"
625,Donnetta,Henson,NULL,donnetta.henson@hotmail.com,2 Tallwood Drive,Webster,"NY,14580"
161,Crystle,Gilliam,NULL,crystle.gilliam@yahoo.com,86 Edgewater Road,Smithtown,"NY,11787"
871,Erlinda,Humphrey,NULL,erlinda.humphrey@hotmail.com,532 South Victoria St.,New Windsor,"NY,12553"
1425,Justina,Jenkins,NULL,justina.jenkins@msn.com,345 SE. Green Lane,Shirley,"NY,11967"
1030,Saran,Moses,NULL,saran.moses@yahoo.com,94 Hall Dr.,Brooklyn,"NY,11201"
844,Felica,Munoz,NULL,felica.munoz@aol.com,24 West Rockwell Dr.,South Ozone Park,"NY,11420"
539,Jamika,Acevedo,NULL,jamika.acevedo@yahoo.com,8027 NW. Poplar St.,Ozone Park,"NY,11417"
1316,Conrad,Mueller,NULL,conrad.mueller@yahoo.com,3 Myrtle St.,Massapequa,"NY,11758"
9,Genoveva,Baldwin,NULL,genoveva.baldwin@msn.com,8550 Spruce Drive,Port Washington,"NY,11050"
811,Shanti,Johnston,NULL,shanti.johnston@gmail.com,722 Alderwood Drive,Staten Island,"NY,10301"
684,Jenny,Bell,NULL,jenny.bell@hotmail.com,38 Crescent St.,Niagara Falls,"NY,14304"
1253,Susannah,Fields,NULL,susannah.fields@hotmail.com,17 Railroad Street,Far Rockaway,"NY,11691"
911,Nikita,Roy,NULL,nikita.roy@aol.com,9703 N. Snake Hill St.,Pittsford,"NY,14534"
178,Genoveva,Tyler,(212) 152-6381,genoveva.tyler@gmail.com,8121 Windfall Ave.,New York,"NY,10002"
734,Alina,Mcleod,NULL,alina.mcleod@msn.com,20 Winchester Street,Patchogue,"NY,11772"
1051,Tonisha,Fowler,NULL,tonisha.fowler@msn.com,9270 Valley View Lane,Huntington Station,"NY,11746"
1267,Earline,Gordon,NULL,earline.gordon@gmail.com,81 Railroad Drive,Ronkonkoma,"NY,11779"
18,Georgetta,Hardin,NULL,georgetta.hardin@aol.com,474 Chapel Dr.,Canandaigua,"NY,14424"
932,Yvonne,Bean,NULL,yvonne.bean@yahoo.com,20 W. Marsh Ave.,Wappingers Falls,"NY,12590"
514,Clarita,Curry,NULL,clarita.curry@hotmail.com,661 Tanglewood Street,Hollis,"NY,11423"
1403,Mila,Moody,(248) 234-5902,mila.moody@gmail.com,675 Williams St.,Troy,"NY,12180"
1321,Shantel,Gregory,NULL,shantel.gregory@yahoo.com,7722 Second Lane,West Islip,"NY,11795"
848,Ernestina,Skinner,NULL,ernestina.skinner@hotmail.com,52 Spring Drive,Elmhurst,"NY,11373"
1074,Lanelle,Guerra,NULL,lanelle.guerra@yahoo.com,989 Wrangler St.,Floral Park,"NY,11001"
75,Abby,Gamble,NULL,abby.gamble@aol.com,60 Myers Dr.,Amityville,"NY,11701"
1232,Jong,Guthrie,NULL,jong.guthrie@hotmail.com,889 Leatherwood Drive,Bethpage,"NY,11714"
286,Virgil,Frost,NULL,virgil.frost@gmail.com,9798 Beacon St.,Levittown,"NY,11756"
949,Venessa,Frost,NULL,venessa.frost@msn.com,621 West School Rd.,Scarsdale,"NY,10583"
849,Phyllis,Hill,NULL,phyllis.hill@yahoo.com,576 Devon Ave.,Syosset,"NY,11791"
590,Cyndi,Dyer,NULL,cyndi.dyer@msn.com,313 West Argyle Ave.,Baldwin,"NY,11510"
745,Carolyne,Conley,NULL,carolyne.conley@gmail.com,431 Lees Creek Drive,Floral Park,"NY,11001"
1296,Travis,Whitley,NULL,travis.whitley@aol.com,60 Euclid Ave.,Saint Albans,"NY,11412"
251,Kasie,Rodriquez,NULL,kasie.rodriquez@aol.com,7 North Beech St.,Ballston Spa,"NY,12020"
1410,Lurlene,Finch,(914) 367-7691,lurlene.finch@msn.com,849 Magnolia St.,Yonkers,"NY,10701"
1304,Tama,Berg,NULL,tama.berg@hotmail.com,3 Cardinal Avenue,Hollis,"NY,11423"
492,Justa,Thompson,NULL,justa.thompson@aol.com,43 Manor Ave.,Corona,"NY,11368"
373,Mariette,Trevino,NULL,mariette.trevino@aol.com,4 Border Court,Utica,"NY,13501"
235,Jeromy,Elliott,NULL,jeromy.elliott@gmail.com,7112 Laurel Street,Bay Shore,"NY,11706"
409,Jerome,Bolton,NULL,jerome.bolton@msn.com,9921 Argyle Street,Carmel,"NY,10512"
166,Lena,Mills,NULL,lena.mills@yahoo.com,42 Homestead St.,Woodhaven,"NY,11421"
1164,Patrina,Tanner,NULL,patrina.tanner@gmail.com,7136 Selby Road,Scarsdale,"NY,10583"
546,Thad,Castro,(631) 943-1407,thad.castro@msn.com,71 Surrey Ave.,Brentwood,"NY,11717"
891,Ashlie,Parrish,NULL,ashlie.parrish@hotmail.com,48 Mill Drive,Monsey,"NY,10952"
998,Heather,Chaney,NULL,heather.chaney@yahoo.com,4 Morris Dr.,Jamestown,"NY,14701"
1201,Nita,Guy,NULL,nita.guy@hotmail.com,75 Academy Street,Port Chester,"NY,10573"
603,Genevieve,Juarez,NULL,genevieve.juarez@gmail.com,93 Goldfield Drive,New Hyde Park,"NY,11040"
1220,Carissa,Cross,NULL,carissa.cross@yahoo.com,9335 West Main Dr.,Huntington Station,"NY,11746"
609,Eliana,Reese,NULL,eliana.reese@hotmail.com,7079 NE. Cross Drive,Woodhaven,"NY,11421"
746,Eldridge,Greer,NULL,eldridge.greer@aol.com,131 E. Madison St.,Central Islip,"NY,11722"
951,Steve,Bender,NULL,steve.bender@gmail.com,908 N. Pennington Dr.,Scarsdale,"NY,10583"
1257,Rosamaria,Meyer,NULL,rosamaria.meyer@yahoo.com,446 Elizabeth St.,Webster,"NY,14580"
211,Gilma,Dejesus,NULL,gilma.dejesus@yahoo.com,777 Thompson Ave.,Scarsdale,"NY,10583"
273,Queenie,Vance,NULL,queenie.vance@gmail.com,172 Arcadia Ave.,Ozone Park,"NY,11417"
1197,Nakisha,Clay,NULL,nakisha.clay@gmail.com,8996 Beechwood Ave.,Port Washington,"NY,11050"
806,Reyes,Merritt,NULL,reyes.merritt@yahoo.com,48 Lexington Rd.,Staten Island,"NY,10301"
92,Tena,Cruz,NULL,tena.cruz@yahoo.com,1 South St.,Farmingdale,"NY,11735"
35,Guillermina,Noble,NULL,guillermina.noble@msn.com,6 Del Monte Lane,Baldwinsville,"NY,13027"
634,Taylor,Cole,NULL,taylor.cole@gmail.com,9408 Holly Lane,Carmel,"NY,10512"
990,Casimira,Chapman,NULL,casimira.chapman@yahoo.com,67 Snake Hill St.,Monroe,"NY,10950"
366,Lavonne,Anderson,NULL,lavonne.anderson@aol.com,9420 Wintergreen Court,Floral Park,"NY,11001"
200,Ashely,Holmes,NULL,ashely.holmes@aol.com,45 High Ridge Ave.,Farmingdale,"NY,11735"
1036,Randee,Lester,NULL,randee.lester@gmail.com,81 Bear Hill Street,Centereach,"NY,11720"
1123,Raphael,O'neil,NULL,raphael.o'neil@aol.com,762 East Lantern Dr.,Fairport,"NY,14450"
141,Ramiro,Byers,NULL,ramiro.byers@gmail.com,16 Pleasant St.,Saint Albans,"NY,11412"
996,Serafina,Clemons,NULL,serafina.clemons@gmail.com,851 Brown Ave.,Shirley,"NY,11967"
594,Deanne,Parsons,NULL,deanne.parsons@aol.com,76 Amherst Drive,Lindenhurst,"NY,11757"
1208,Leila,Barr,NULL,leila.barr@yahoo.com,120 Fremont Rd.,Carmel,"NY,10512"
272,Deja,Chaney,NULL,deja.chaney@hotmail.com,52 Woodside Ave.,Jamaica,"NY,11432"
236,Verona,O'neill,NULL,verona.o'neill@hotmail.com,8279 W. Sussex St.,Selden,"NY,11784"
1,Debra,Burks,NULL,debra.burks@yahoo.com,9273 Thorne Ave.,Orchard Park,"NY,14127"
367,Blanca,Hooper,NULL,blanca.hooper@msn.com,340 Bald Hill St.,Ozone Park,"NY,11417"
448,Janella,Bright,(507) 616-2958,janella.bright@aol.com,7317 Tower Dr.,Rochester,"NY,14606"
494,Pearl,Fox,NULL,pearl.fox@yahoo.com,9415 Honey Creek Dr.,Uniondale,"NY,11553"
896,Stefani,Gamble,(845) 724-2996,stefani.gamble@aol.com,9119 W. Victoria St.,New City,"NY,10956"
757,Lamar,Greer,NULL,lamar.greer@gmail.com,7909 Golden Star Ave.,Levittown,"NY,11756"
1001,Lee,Roman,(631) 913-6967,lee.roman@gmail.com,4 Canal Ave.,Brentwood,"NY,11717"
1129,Gilberto,Sanders,NULL,gilberto.sanders@hotmail.com,186 Roehampton Ave.,Woodside,"NY,11377"
55,Diana,Guerra,NULL,diana.guerra@hotmail.com,45 Chapel Ave.,Merrick,"NY,11566"
1002,Cami,Williamson,NULL,cami.williamson@hotmail.com,9511A Windsor Drive,Massapequa,"NY,11758"
1217,Carlie,Terrell,(914) 517-8036,carlie.terrell@yahoo.com,7437 Snake Hill Road,Yonkers,"NY,10701"
4,Daryl,Spence,NULL,daryl.spence@aol.com,988 Pearl Lane,Uniondale,"NY,11553"
1258,Todd,Waters,NULL,todd.waters@yahoo.com,92 Cedar Swamp Street,Bay Shore,"NY,11706"
1336,Joe,Melton,NULL,joe.melton@gmail.com,8998 Hartford Street,New Windsor,"NY,12553"
1139,Gabriella,Jones,NULL,gabriella.jones@hotmail.com,9100 Gates Ave.,Mount Vernon,"NY,10550"
1015,Nichelle,Rosario,NULL,nichelle.rosario@hotmail.com,709 Dunbar Ave.,Garden City,"NY,11530"
502,Malinda,Baxter,NULL,malinda.baxter@yahoo.com,7698 Briarwood Ave.,Whitestone,"NY,11357"
1264,Devin,Velazquez,(631) 254-8497,devin.velazquez@aol.com,61 Redwood St.,Brentwood,"NY,11717"
455,Sherita,Cherry,NULL,sherita.cherry@gmail.com,9636 Old Cedarwood Street,Liverpool,"NY,13090"
114,Thalia,Horne,NULL,thalia.horne@yahoo.com,9312 Harvard Street,Amityville,"NY,11701"
411,Octavia,Case,(212) 171-1335,octavia.case@aol.com,40 Charles Road,New York,"NY,10002"
963,Anisha,Lang,NULL,anisha.lang@aol.com,265 Peachtree St.,Rome,"NY,13440"
954,Hassan,Nash,NULL,hassan.nash@yahoo.com,8105 University Lane,Hicksville,"NY,11801"
1437,Son,Warner,NULL,son.warner@hotmail.com,20 W. Rosewood Ave.,Rockville Centre,"NY,11570"
1361,Destiny,Goodman,NULL,destiny.goodman@msn.com,29 Smoky Hollow St.,Westbury,"NY,11590"
213,Elenore,Hensley,NULL,elenore.hensley@hotmail.com,7037 Aspen St.,Hamburg,"NY,14075"
1043,Diane,Jones,NULL,diane.jones@gmail.com,859 Prince St.,Fresh Meadows,"NY,11365"
145,Miquel,Neal,NULL,miquel.neal@hotmail.com,9564 Deerfield Lane,Staten Island,"NY,10301"
339,Tamela,Harrell,NULL,tamela.harrell@aol.com,7316 Cypress Rd.,Central Islip,"NY,11722"
557,Erlene,Cook,NULL,erlene.cook@gmail.com,89 Blue Spring Street,Mount Vernon,"NY,10550"
1416,Miranda,Kennedy,NULL,miranda.kennedy@gmail.com,726 East High St.,Astoria,"NY,11102"
378,Rosalba,O'neal,NULL,rosalba.o'neal@yahoo.com,7517 Pennsylvania St.,Mount Vernon,"NY,10550"
1077,Heather,Perry,NULL,heather.perry@gmail.com,982 Durham Street,Sunnyside,"NY,11104"
440,Yevette,Todd,NULL,yevette.todd@aol.com,119 Lakewood Rd.,Ballston Spa,"NY,12020"
1144,Jewel,Sparks,NULL,jewel.sparks@aol.com,12 Vine Road,Oakland Gardens,"NY,11364"
882,Hilda,Harvey,NULL,hilda.harvey@gmail.com,9808 W. Cleveland Ave.,Ballston Spa,"NY,12020"
587,Euna,Lopez,NULL,euna.lopez@gmail.com,7979 South Mountainview Ave.,Carmel,"NY,10512"
306,Vikki,Erickson,NULL,vikki.erickson@yahoo.com,24 Jones Street,Kingston,"NY,12401"
782,Ricki,Bullock,NULL,ricki.bullock@hotmail.com,79 Pennington Rd.,Woodside,"NY,11377"
1298,Trudy,Riddle,NULL,trudy.riddle@aol.com,8943 Johnson Street,Schenectady,"NY,12302"
828,Renato,Morton,NULL,renato.morton@msn.com,8526 Sherwood Street,Mount Vernon,"NY,10550"
1189,Sheila,Goodman,NULL,sheila.goodman@msn.com,9586 Chestnut St.,Uniondale,"NY,11553"
777,Ilda,Roberson,NULL,ilda.roberson@aol.com,8853 Lake St.,Kingston,"NY,12401"
564,Bettie,Pierce,NULL,bettie.pierce@gmail.com,787 North Vernon Lane,Farmingdale,"NY,11735"
992,Chere,Alston,NULL,chere.alston@gmail.com,16 Lower River Street,Patchogue,"NY,11772"
294,Clementina,Sargent,NULL,clementina.sargent@hotmail.com,9853 Catherine Road,Rome,"NY,13440"
413,Ginette,Edwards,NULL,ginette.edwards@hotmail.com,9262 NW. Center Ave.,Baldwin,"NY,11510"
26,Theo,Reese,(562) 215-2907,theo.reese@gmail.com,8755 W. Wild Horse St.,Long Beach,"NY,11561"
149,Meredith,Bryan,NULL,meredith.bryan@hotmail.com,8935 E. Oxford St.,Spring Valley,"NY,10977"
698,Charleen,Joyner,NULL,charleen.joyner@aol.com,735 N. John Dr.,Corona,"NY,11368"
437,Laureen,Barry,NULL,laureen.barry@yahoo.com,909 Ridge St.,Orchard Park,"NY,14127"
652,Tilda,Melton,(248) 767-4165,tilda.melton@msn.com,237 Elmwood Drive,Troy,"NY,12180"
442,Alane,Munoz,(914) 706-7576,alane.munoz@gmail.com,8 Strawberry Dr.,Yonkers,"NY,10701"
678,Myron,Johns,NULL,myron.johns@msn.com,5 N. Woodsman Rd.,Whitestone,"NY,11357"
1263,Rufina,Chandler,NULL,rufina.chandler@aol.com,7985 Alderwood Street,New Hyde Park,"NY,11040"
1377,Johana,Jacobson,(507) 407-9384,johana.jacobson@gmail.com,29 San Juan St.,Rochester,"NY,14606"
1041,Bettye,Espinoza,NULL,bettye.espinoza@yahoo.com,76 Rockwell Street,Oswego,"NY,13126"
1375,Carlena,Salinas,NULL,carlena.salinas@gmail.com,1 Wagon Street,Jamaica,"NY,11432"
1223,Bronwyn,Vargas,NULL,bronwyn.vargas@msn.com,35 James Street,New Windsor,"NY,12553"
672,Elma,Molina,NULL,elma.molina@msn.com,8565 Devon Ave.,New Rochelle,"NY,10801"
174,Babara,Ochoa,NULL,babara.ochoa@aol.com,872 Smith Store St.,Scarsdale,"NY,10583"
230,Chelsey,Hardin,NULL,chelsey.hardin@hotmail.com,13 Brickyard Street,Deer Park,"NY,11729"
642,Yang,Roth,NULL,yang.roth@aol.com,234 E. Shub Farm Ave.,Webster,"NY,14580"
372,Collene,Roman,NULL,collene.roman@aol.com,30 North Argyle Dr.,Wappingers Falls,"NY,12590"
1329,Sharyn,Brewer,NULL,sharyn.brewer@aol.com,70 Columbia Ave.,Hollis,"NY,11423"
345,Mi,Gray,(229) 813-2130,mi.gray@aol.com,27 Roehampton Dr.,Albany,"NY,12203"
150,Weldon,Michael,NULL,weldon.michael@hotmail.com,9952 Nut Swamp St.,Huntington,"NY,11743"
439,Sunshine,Rosario,NULL,sunshine.rosario@aol.com,1 Chestnut Lane,Jamaica,"NY,11432"
852,Lezlie,Thompson,NULL,lezlie.thompson@yahoo.com,73 Vernon St.,Freeport,"NY,11520"
219,Darcie,Morgan,(442) 618-7068,darcie.morgan@aol.com,476 East Adams Ave.,Oceanside,"NY,11572"
888,Coleen,Navarro,NULL,coleen.navarro@aol.com,990 Broad Rd.,Webster,"NY,14580"
570,Marissa,Summers,NULL,marissa.summers@msn.com,81 Carpenter St.,Saint Albans,"NY,11412"
34,Brittney,Woodward,NULL,brittney.woodward@aol.com,960 River St.,East Northport,"NY,11731"
1181,Agustina,Lawrence,NULL,agustina.lawrence@yahoo.com,9347 Delaware Ave.,Brooklyn,"NY,11201"
320,Aron,Wiggins,(442) 497-3353,aron.wiggins@aol.com,6 Bradford St.,Oceanside,"NY,11572"
1242,Chauncey,Donaldson,NULL,chauncey.donaldson@aol.com,7412 Golf Ave.,Franklin Square,"NY,11010"
711,Jovita,Bishop,NULL,jovita.bishop@aol.com,8123 Wild Horse St.,Staten Island,"NY,10301"
764,Terrell,Mathis,NULL,terrell.mathis@aol.com,9320 Center Ave.,Selden,"NY,11784"
1169,Beatris,Joyner,NULL,beatris.joyner@gmail.com,7463 Gonzales Rd.,Spring Valley,"NY,10977"
1073,Leeanne,Cross,NULL,leeanne.cross@yahoo.com,424 Newcastle Road,Bayside,"NY,11361"
1368,Veronique,Fulton,NULL,veronique.fulton@yahoo.com,81 Hilldale Ave.,Ballston Spa,"NY,12020"
1400,Shayla,Hart,NULL,shayla.hart@msn.com,9092 Aspen St.,Woodhaven,"NY,11421"
1141,Mallie,Osborn,NULL,mallie.osborn@gmail.com,9022 Bridgeton St.,Newburgh,"NY,12550"
143,Janae,Doyle,NULL,janae.doyle@gmail.com,760 Rose Ave.,Jackson Heights,"NY,11372"
317,Christia,Wilkins,NULL,christia.wilkins@msn.com,7062 Willow Court,Woodside,"NY,11377"
1323,Ebony,Cotton,NULL,ebony.cotton@yahoo.com,8979 Miller St.,West Babylon,"NY,11704"
1431,Mark,Benton,NULL,mark.benton@aol.com,83 Eagle St.,East Elmhurst,"NY,11369"
833,Leone,Emerson,NULL,leone.emerson@msn.com,460 Smith Store Ave.,Whitestone,"NY,11357"
1354,Alexandria,Zamora,NULL,alexandria.zamora@yahoo.com,95 Cherry Circle,Schenectady,"NY,12302"
285,Leola,Gould,NULL,leola.gould@gmail.com,8 Kirkland St.,Astoria,"NY,11102"
605,Renita,Henry,NULL,renita.henry@msn.com,474 Woodland Ave.,New Rochelle,"NY,10801"
266,Myung,Hooper,NULL,myung.hooper@gmail.com,951 Mill Road,Elmont,"NY,11003"
8,Jacquline,Duncan,NULL,jacquline.duncan@yahoo.com,15 Brown St.,Jackson Heights,"NY,11372"
1120,Karole,Alvarez,NULL,karole.alvarez@gmail.com,69 Woodland St.,East Northport,"NY,11731"
989,Loreen,Byers,NULL,loreen.byers@yahoo.com,83 S. Rockledge Circle,South Ozone Park,"NY,11420"
408,Edra,Fitzgerald,NULL,edra.fitzgerald@msn.com,8892 Birchwood St.,Central Islip,"NY,11722"
262,Rubin,Decker,(716) 950-9835,rubin.decker@gmail.com,9875 Shady Ave.,Buffalo,"NY,14215"
1250,Neoma,Daugherty,NULL,neoma.daugherty@gmail.com,80 Spring Street,Mount Vernon,"NY,10550"
815,Leanna,Manning,NULL,leanna.manning@yahoo.com,39 E. Stillwater Ave.,Hicksville,"NY,11801"
718,Luciana,Mcgee,NULL,luciana.mcgee@msn.com,8002 Cross St.,Selden,"NY,11784"
690,Yevette,Elliott,NULL,yevette.elliott@aol.com,182 Euclid Street,Jackson Heights,"NY,11372"
209,Jutta,Everett,NULL,jutta.everett@gmail.com,27 Taylor Ave.,Selden,"NY,11784"
1180,Myrtle,Gardner,NULL,myrtle.gardner@aol.com,303 Creekside Street,Farmingdale,"NY,11735"
100,Kellie,Franco,NULL,kellie.franco@yahoo.com,444 South Walnut Rd.,Commack,"NY,11725"
720,Devin,Shaffer,(507) 557-2191,devin.shaffer@gmail.com,382 Third Ave.,Rochester,"NY,14606"
925,Bryce,Monroe,NULL,bryce.monroe@aol.com,52 Cooper Lane,Kingston,"NY,12401"
545,Tajuana,Rollins,NULL,tajuana.rollins@msn.com,724 N. Glen Creek Street,Oswego,"NY,13126"
27,Santos,Valencia,NULL,santos.valencia@yahoo.com,7479 Carpenter Street,Sunnyside,"NY,11104"
452,Cassandra,Nichols,NULL,cassandra.nichols@yahoo.com,4 Glenwood Circle,Hicksville,"NY,11801"
976,Ayanna,Cherry,NULL,ayanna.cherry@yahoo.com,8829 Galvin Rd.,Smithtown,"NY,11787"
876,Onita,Macdonald,NULL,onita.macdonald@yahoo.com,94 Wood St.,Glen Cove,"NY,11542"
1420,Kelsey,Noble,NULL,kelsey.noble@hotmail.com,36 Pearl Court,Mount Vernon,"NY,10550"
474,Lavern,Orr,NULL,lavern.orr@hotmail.com,913 N. Young Street,Webster,"NY,14580"
786,Wallace,Lane,NULL,wallace.lane@aol.com,901 Liberty St.,South Richmond Hill,"NY,11419"
1059,Season,Harvey,NULL,season.harvey@yahoo.com,388 Arnold Court,East Northport,"NY,11731"
1195,Chantell,Bridges,(716) 941-6072,chantell.bridges@yahoo.com,8478 N. Wrangler Dr.,Buffalo,"NY,14215"
268,Trinity,Riddle,NULL,trinity.riddle@aol.com,23 Oakland Lane,Ballston Spa,"NY,12020"
659,Antonetta,Rocha,NULL,antonetta.rocha@yahoo.com,9858 Newcastle St.,Port Chester,"NY,10573"
714,Senaida,Thompson,NULL,senaida.thompson@msn.com,578 Golf Drive,Bronx,"NY,10451"
313,Melani,Jarvis,NULL,melani.jarvis@hotmail.com,8 Tunnel St.,Maspeth,"NY,11378"
838,Erna,Sloan,NULL,erna.sloan@aol.com,9449 Fifth Avenue,Howard Beach,"NY,11414"
639,Ronald,Parsons,NULL,ronald.parsons@msn.com,268 Pin Oak Rd.,Maspeth,"NY,11378"
453,Courtney,Wyatt,NULL,courtney.wyatt@gmail.com,369 Arrowhead St.,Garden City,"NY,11530"
1014,Ling,Newman,NULL,ling.newman@msn.com,832 Spring Road,South Richmond Hill,"NY,11419"
1016,Shenna,Benton,(212) 578-2912,shenna.benton@msn.com,57 Shadow Brook Road,New York,"NY,10002"
617,Jenna,Saunders,NULL,jenna.saunders@aol.com,4 Young St.,Yorktown Heights,"NY,10598"
296,Sophia,Mcmillan,NULL,sophia.mcmillan@msn.com,8541 S. Pleasant Street,Uniondale,"NY,11553"
674,Ira,Moore,NULL,ira.moore@gmail.com,1 Pineknoll Court,Saratoga Springs,"NY,12866"
17,Caren,Stephens,NULL,caren.stephens@msn.com,914 Brook St.,Scarsdale,"NY,10583"
635,Myrtie,James,NULL,myrtie.james@yahoo.com,566 North Livingston Ave.,Merrick,"NY,11566"
955,Delfina,Gilliam,NULL,delfina.gilliam@hotmail.com,9463 Bayberry Rd.,West Babylon,"NY,11704"
229,Molly,Langley,NULL,molly.langley@aol.com,63 Bridgeton Street,Holbrook,"NY,11741"
16,Emmitt,Sanchez,(212) 945-8823,emmitt.sanchez@hotmail.com,461 Squaw Creek Road,New York,"NY,10002"
387,Kaila,Walters,NULL,kaila.walters@msn.com,57 Gates Drive,Elmhurst,"NY,11373"
666,Brittni,Green,NULL,brittni.green@msn.com,842 El Dorado Lane,Floral Park,"NY,11001"
1075,Dann,Huff,NULL,dann.huff@gmail.com,475 S. Rockville St.,Huntington Station,"NY,11746"
472,Myron,Ruiz,NULL,myron.ruiz@gmail.com,45 Shadow Brook Lane,Amityville,"NY,11701"
1211,Brenton,Whitaker,NULL,brenton.whitaker@gmail.com,25 Elmwood Rd.,Niagara Falls,"NY,14304"
744,Laurel,Schultz,NULL,laurel.schultz@hotmail.com,812 E. 1st Lane,Mount Vernon,"NY,10550"
1317,Glady,Wells,NULL,glady.wells@gmail.com,627 Ramblewood Ave.,Syosset,"NY,11791"
83,Tiesha,Daniel,NULL,tiesha.daniel@yahoo.com,6 West Bohemia Lane,Scarsdale,"NY,10583"
513,Whitney,Cash,NULL,whitney.cash@gmail.com,8 Surrey Street,Hamburg,"NY,14075"
721,Erlinda,Osborne,NULL,erlinda.osborne@yahoo.com,148 Elm St.,West Islip,"NY,11795"
252,Eleni,Gordon,NULL,eleni.gordon@hotmail.com,583 W. San Carlos Street,Richmond Hill,"NY,11418"
1194,Leticia,Snyder,NULL,leticia.snyder@yahoo.com,173 Lyme Dr.,Pittsford,"NY,14534"
330,Sheba,Knapp,NULL,sheba.knapp@aol.com,86 Gates Street,Woodside,"NY,11377"
36,Bernita,Mcdaniel,NULL,bernita.mcdaniel@hotmail.com,2 Peg Shop Ave.,Liverpool,"NY,13090"
430,Kandi,Mcneil,NULL,kandi.mcneil@msn.com,402 Border Street,Massapequa Park,"NY,11762"
807,Nathalie,Knowles,NULL,nathalie.knowles@aol.com,4 Cactus Street,West Islip,"NY,11795"
559,Basilia,Thornton,(631) 592-9548,basilia.thornton@hotmail.com,9033 Pine Dr.,Brentwood,"NY,11717"
142,Nicholas,Vazquez,NULL,nicholas.vazquez@hotmail.com,9 Roosevelt Street,West Hempstead,"NY,11552"
327,Sharie,Alvarez,(212) 211-7621,sharie.alvarez@msn.com,987 West Leatherwood Dr.,New York,"NY,10002"
685,Laverne,Craft,NULL,laverne.craft@aol.com,829 N. Pierce Street,Forest Hills,"NY,11375"
324,Laureen,Paul,NULL,laureen.paul@yahoo.com,617 Squaw Creek Rd.,Bellmore,"NY,11710"
131,Tanesha,Hampton,NULL,tanesha.hampton@hotmail.com,19 Belmont Ave.,Syosset,"NY,11791"
412,Dexter,Roberts,NULL,dexter.roberts@gmail.com,84 Thatcher Court,Sunnyside,"NY,11104"
761,Rod,Hatfield,NULL,rod.hatfield@hotmail.com,7090 Bridge Dr.,Ronkonkoma,"NY,11779"
380,Alesia,Horne,NULL,alesia.horne@aol.com,9229 Amherst Lane,Selden,"NY,11784"
841,Manie,Maxwell,NULL,manie.maxwell@gmail.com,85 Brickell Ave.,Ronkonkoma,"NY,11779"
548,Dori,Alvarez,NULL,dori.alvarez@msn.com,8208 Brandywine St.,Kingston,"NY,12401"
1104,Khalilah,Robertson,NULL,khalilah.robertson@aol.com,22 Longbranch Rd.,Spring Valley,"NY,10977"
1215,Karl,Stephens,NULL,karl.stephens@gmail.com,208 Thatcher Rd.,Rockville Centre,"NY,11570"
94,Sharyn,Hopkins,NULL,sharyn.hopkins@hotmail.com,4 South Temple Ave.,Baldwinsville,"NY,13027"
1248,Bethany,Herring,NULL,bethany.herring@yahoo.com,7563 High Point Street,Port Jefferson Station,"NY,11776"
1094,Keitha,Black,NULL,keitha.black@yahoo.com,7670 Hilldale Ave.,Lindenhurst,"NY,11757"
942,Davis,Long,(717) 653-1755,davis.long@msn.com,929 Elmwood Dr.,Lancaster,"NY,14086"
1280,Jackeline,Colon,NULL,jackeline.colon@msn.com,9916 Cedarwood Drive,Wappingers Falls,"NY,12590"
860,Loni,Mullen,NULL,loni.mullen@msn.com,55 Thompson Avenue,South Ozone Park,"NY,11420"
645,Lewis,Garner,(631) 871-2512,lewis.garner@gmail.com,9550 East Greenrose St.,Brentwood,"NY,11717"
477,Arminda,Weber,NULL,arminda.weber@yahoo.com,6 Hill Field St.,Bellmore,"NY,11710"
1302,Verda,Gilbert,NULL,verda.gilbert@gmail.com,54 Hillcrest Drive,East Northport,"NY,11731"
1000,Shiloh,Reeves,NULL,shiloh.reeves@msn.com,818 Kirkland Lane,West Babylon,"NY,11704"
706,Lolita,O'neill,NULL,lolita.o'neill@aol.com,36 Prairie Dr.,Massapequa Park,"NY,11762"
270,Claudio,Wise,NULL,claudio.wise@hotmail.com,810 Oxford Ave.,Kingston,"NY,12401"
368,Alysha,Powers,NULL,alysha.powers@msn.com,39 West Marshall Ave.,Forest Hills,"NY,11375"
25,Regenia,Vaughan,NULL,regenia.vaughan@gmail.com,44 Stonybrook Street,Mahopac,"NY,10541"
656,Romana,Barnes,NULL,romana.barnes@yahoo.com,9776 Shipley Rd.,Floral Park,"NY,11001"
662,Loraine,Sykes,NULL,loraine.sykes@yahoo.com,9239 Windsor Ave.,Scarsdale,"NY,10583"
725,Carola,Mcpherson,NULL,carola.mcpherson@hotmail.com,578 Shirley Dr.,Rego Park,"NY,11374"
847,Lizette,Ellison,NULL,lizette.ellison@hotmail.com,865 Sunbeam Street,Port Washington,"NY,11050"
1284,Shanice,Spears,NULL,shanice.spears@msn.com,5 Piper Ave.,Brooklyn,"NY,11201"
608,Taisha,Vang,NULL,taisha.vang@yahoo.com,660 East Foster Lane,Shirley,"NY,11967"
432,Julius,Holt,NULL,julius.holt@aol.com,386 Lower River Street,East Meadow,"NY,11554"
865,Julia,Joyner,NULL,julia.joyner@msn.com,2 Valley View Dr.,Astoria,"NY,11102"
1007,Jimmy,Russell,NULL,jimmy.russell@hotmail.com,33 Iroquois Ave.,Howard Beach,"NY,11414"
1402,Sandee,Alvarado,NULL,sandee.alvarado@aol.com,69 Bowman Street,Depew,"NY,14043"
1340,Tona,Velasquez,NULL,tona.velasquez@msn.com,9166 Trout St.,Whitestone,"NY,11357"
462,Efren,Oliver,NULL,efren.oliver@gmail.com,9343 1st Rd.,Nanuet,"NY,10954"
341,Delana,Scott,NULL,delana.scott@yahoo.com,7372 Ridgeview St.,Mount Vernon,"NY,10550"
819,Yahaira,Robertson,NULL,yahaira.robertson@yahoo.com,142 Roehampton Dr.,Endicott,"NY,13760"
406,Kerrie,O'neill,NULL,kerrie.o'neill@gmail.com,69 Wellington Ave.,Shirley,"NY,11967"
445,Earline,Ballard,NULL,earline.ballard@hotmail.com,939 Lyme Road,Mount Vernon,"NY,10550"
80,Sarai,Mckee,(716) 912-8110,sarai.mckee@msn.com,641 Glenwood Avenue,Buffalo,"NY,14215"
950,Verna,Solis,(507) 115-1633,verna.solis@yahoo.com,7 Lincoln Lane,Rochester,"NY,14606"
199,Clelia,Workman,NULL,clelia.workman@yahoo.com,620 North Somerset St.,New Windsor,"NY,12553"
23,Kaylee,English,NULL,kaylee.english@msn.com,8786 Fulton Rd.,Hollis,"NY,11423"
592,Joni,Lee,NULL,joni.lee@gmail.com,8573 Proctor Street,Centereach,"NY,11720"
878,Melodie,Melton,NULL,melodie.melton@yahoo.com,12 S. 8th Road,Smithtown,"NY,11787"
1300,Clorinda,Donovan,NULL,clorinda.donovan@msn.com,9690 E. Morris Ave.,Jamestown,"NY,14701"
763,Han,Schneider,NULL,han.schneider@gmail.com,40 Holly Street,Elmhurst,"NY,11373"
814,Ghislaine,Compton,NULL,ghislaine.compton@aol.com,8930 Princess St.,Lindenhurst,"NY,11757"
505,Wilda,Petersen,NULL,wilda.petersen@aol.com,899 Helen St.,Jamaica,"NY,11432"
398,Suellen,Mercado,NULL,suellen.mercado@yahoo.com,3 Taylor Drive,Sunnyside,"NY,11104"
420,Vince,Schneider,NULL,vince.schneider@hotmail.com,473 Corona Ave.,Merrick,"NY,11566"
884,Willian,Hardin,NULL,willian.hardin@msn.com,836 West Street,Oswego,"NY,13126"
1334,Ashleigh,Finch,NULL,ashleigh.finch@yahoo.com,82 Hudson Court,Newburgh,"NY,12550"
11,Deshawn,Mendoza,NULL,deshawn.mendoza@yahoo.com,8790 Cobblestone Street,Monsey,"NY,10952"
416,Luke,Fuller,(516) 363-2253,luke.fuller@hotmail.com,576 Cleveland Lane,Hempstead,"NY,11550"
933,Lurline,Rivers,NULL,lurline.rivers@msn.com,69 Pine Street,Howard Beach,"NY,11414"
1130,Benny,Bender,NULL,benny.bender@aol.com,520 W. Hamilton St.,Elmont,"NY,11003"
1013,Alma,Peck,NULL,alma.peck@aol.com,298 South Bay Meadows Drive,Corona,"NY,11368"
429,Emmett,Casey,NULL,emmett.casey@yahoo.com,893 Logan St.,Valley Stream,"NY,11580"
1133,Dung,King,NULL,dung.king@aol.com,523 Prairie St.,West Islip,"NY,11795"
1151,Herminia,Reyes,NULL,herminia.reyes@gmail.com,782 Stonybrook Street,Centereach,"NY,11720"
375,Yan,Trevino,NULL,yan.trevino@gmail.com,796 Jefferson Rd.,Uniondale,"NY,11553"
994,Demarcus,Reese,NULL,demarcus.reese@gmail.com,8087 Armstrong Dr.,Yorktown Heights,"NY,10598"
168,Nettie,Mcdaniel,NULL,nettie.mcdaniel@hotmail.com,7004 E. Wakehurst St.,South Ozone Park,"NY,11420"
256,Erma,Salinas,NULL,erma.salinas@gmail.com,347 Sheffield St.,Merrick,"NY,11566"
535,Inge,Olsen,(562) 719-5041,inge.olsen@msn.com,295 Iroquois Rd.,Long Beach,"NY,11561"
1021,Nicolas,Carlson,NULL,nicolas.carlson@yahoo.com,7899 Spruce Street,Saint Albans,"NY,11412"
893,Letty,Cobb,NULL,letty.cobb@msn.com,8652 Wellington Street,Depew,"NY,14043"
1443,Lezlie,Lamb,NULL,lezlie.lamb@gmail.com,401 Brandywine Street,Central Islip,"NY,11722"
132,Boyd,Irwin,NULL,boyd.irwin@hotmail.com,221 Whitemarsh St.,Hamburg,"NY,14075"
467,Clare,Neal,NULL,clare.neal@msn.com,8922 Shady Ave.,Mahopac,"NY,10541"
204,Alpha,King,NULL,alpha.king@hotmail.com,14 Henry Smith St.,Rockville Centre,"NY,11570"
1019,Janie,Herrera,NULL,janie.herrera@gmail.com,652 Westport Street,Elmhurst,"NY,11373"
1351,Carman,Hardy,NULL,carman.hardy@yahoo.com,800 Whitemarsh St.,Jamestown,"NY,14701"
1432,Zona,Cameron,NULL,zona.cameron@aol.com,42 Bridle Court,East Northport,"NY,11731"
57,Pamala,Henry,NULL,pamala.henry@aol.com,197 Bridgeton Ave.,Bronx,"NY,10451"
436,Honey,Camacho,NULL,honey.camacho@gmail.com,934 2nd St.,Bayside,"NY,11361"
1121,Shasta,Combs,NULL,shasta.combs@yahoo.com,726 James Dr.,Yorktown Heights,"NY,10598"
392,Cyndi,Bush,NULL,cyndi.bush@gmail.com,18 Smoky Hollow Drive,Elmhurst,"NY,11373"
1183,Kim,Clark,NULL,kim.clark@msn.com,19 Liberty St.,Merrick,"NY,11566"
243,Natosha,Rowland,NULL,natosha.rowland@aol.com,51 Elmwood St.,Ballston Spa,"NY,12020"
361,Virgina,Berg,NULL,virgina.berg@yahoo.com,804 South Purple Finch Drive,Valley Stream,"NY,11580"
304,Jayme,Zamora,NULL,jayme.zamora@gmail.com,2 Ridge Lane,Springfield Gardens,"NY,11413"
155,Lory,Page,NULL,lory.page@hotmail.com,58 Summerhouse Street,Bay Shore,"NY,11706"
1359,Octavia,Donaldson,NULL,octavia.donaldson@hotmail.com,8095 Wayne Ave.,Levittown,"NY,11756"
1283,Mica,Barry,NULL,mica.barry@yahoo.com,3 SE. Sugar St.,Hopewell Junction,"NY,12533"
291,Boyce,Burks,NULL,boyce.burks@gmail.com,879 Harvey Dr.,Sunnyside,"NY,11104"
1188,Marcene,Curtis,(914) 361-6045,marcene.curtis@msn.com,7699 Illinois Lane,Yonkers,"NY,10701"
301,Annett,Garrett,NULL,annett.garrett@yahoo.com,19 Euclid Lane,Scarsdale,"NY,10583"
90,Marjorie,Logan,NULL,marjorie.logan@msn.com,95 Grandrose St.,Franklin Square,"NY,11010"
315,Justina,Jenkins,NULL,justina.jenkins@yahoo.com,8236 Creek St.,Baldwin,"NY,11510"
74,Georgeann,Waller,NULL,georgeann.waller@yahoo.com,9797 Bald Hill Ave.,North Tonawanda,"NY,14120"
184,Klara,Stanley,NULL,klara.stanley@aol.com,603 Mechanic St.,Webster,"NY,14580"
238,Cindi,Larson,NULL,cindi.larson@msn.com,896 Golden Star Rd.,Howard Beach,"NY,11414"
88,Titus,Bullock,NULL,titus.bullock@gmail.com,29 Oxford Avenue,Hollis,"NY,11423"
974,Marcell,Barrett,NULL,marcell.barrett@gmail.com,266 Elm Drive,Astoria,"NY,11102"
44,Onita,Johns,NULL,onita.johns@msn.com,32 Glen Creek Lane,Elmont,"NY,11003"
987,Louis,Powell,NULL,louis.powell@aol.com,368 Sugar Rd.,Staten Island,"NY,10301"
163,Margert,Stevens,NULL,margert.stevens@aol.com,502 North Poplar St.,Rome,"NY,13440"
689,Deirdre,Ryan,NULL,deirdre.ryan@yahoo.com,83 Jefferson Lane,Utica,"NY,13501"
379,Mina,Carrillo,NULL,mina.carrillo@aol.com,8659 Trenton Lane,Uniondale,"NY,11553"
1433,Nicola,Knight,NULL,nicola.knight@aol.com,25 SE. Miles Lane,Scarsdale,"NY,10583"
1115,Lina,Meadows,NULL,lina.meadows@aol.com,7020 Ashley Rd.,Glen Cove,"NY,11542"
670,Shawnda,Glover,NULL,shawnda.glover@gmail.com,138 Belmont Ave.,Liverpool,"NY,13090"
821,Cassidy,Clark,NULL,cassidy.clark@hotmail.com,9879 Old Kingston Road,Astoria,"NY,11102"
218,Casey,Gill,NULL,casey.gill@gmail.com,636 Prospect Avenue,Port Washington,"NY,11050"
28,Jeanice,Frost,NULL,jeanice.frost@hotmail.com,76 Devon Lane,Ossining,"NY,10562"
817,Zelda,Pratt,(717) 428-4018,zelda.pratt@gmail.com,74 Trusel Drive,Lancaster,"NY,14086"
1397,Dewayne,Herring,NULL,dewayne.herring@aol.com,9015 Willow Lane,Webster,"NY,14580"
509,Terra,Pickett,NULL,terra.pickett@aol.com,7822 Depot Avenue,Amsterdam,"NY,12010"
1053,Parthenia,Figueroa,NULL,parthenia.figueroa@msn.com,550 Theatre Dr.,Mahopac,"NY,10541"
754,Hue,May,NULL,hue.may@aol.com,19 S. Lawrence Dr.,Valley Stream,"NY,11580"
1205,Emmaline,Huber,NULL,emmaline.huber@gmail.com,7975 Harrison Rd.,Mount Vernon,"NY,10550"
651,Laure,Pena,NULL,laure.pena@yahoo.com,9849 West Elmwood St.,Wappingers Falls,"NY,12590"
914,Hortencia,O'neil,NULL,hortencia.o'neil@hotmail.com,1 Gulf Rd.,Rockville Centre,"NY,11570"
946,Angella,Bridges,NULL,angella.bridges@yahoo.com,8708 Sycamore St.,Pittsford,"NY,14534"
826,Shay,Stephenson,NULL,shay.stephenson@aol.com,9569 4th Lane,Smithtown,"NY,11787"
1176,Sheree,Blanchard,NULL,sheree.blanchard@gmail.com,41 Glenwood Ave.,Queensbury,"NY,12804"
148,Julee,Woodard,NULL,julee.woodard@yahoo.com,869 Summerhouse Dr.,Richmond Hill,"NY,11418"
1312,Tereasa,Bird,NULL,tereasa.bird@aol.com,7526 Vine Drive,Ronkonkoma,"NY,11779"
615,Jamika,Blanchard,NULL,jamika.blanchard@gmail.com,420 Cambridge Street,Fresh Meadows,"NY,11365"
710,Ezra,Silva,NULL,ezra.silva@msn.com,8629 Catherine Rd.,New Windsor,"NY,12553"
438,Katharine,Herrera,NULL,katharine.herrera@hotmail.com,395 SE. Branch St.,Queensbury,"NY,12804"
694,Lanie,Dunn,NULL,lanie.dunn@gmail.com,7583 Pilgrim Ave.,North Tonawanda,"NY,14120"
760,Marisa,Chambers,NULL,marisa.chambers@msn.com,15 E. Rock Creek Ave.,Amityville,"NY,11701"
1012,Josephine,Dale,NULL,josephine.dale@aol.com,8214 West Drive,Baldwinsville,"NY,13027"
1039,Bee,Baker,NULL,bee.baker@aol.com,307 E. Magnolia St.,Liverpool,"NY,13090"
948,Siobhan,Lang,NULL,siobhan.lang@gmail.com,3 Monroe Lane,Levittown,"NY,11756"
1158,Vito,Pickett,NULL,vito.pickett@hotmail.com,93 High Point Street,Canandaigua,"NY,14424"
693,Merlin,Foreman,(516) 150-1321,merlin.foreman@msn.com,8198 North Rockaway St.,Hempstead,"NY,11550"
1256,Nubia,Anderson,NULL,nubia.anderson@aol.com,584 NW. Hilldale Drive,Ronkonkoma,"NY,11779"
1089,Chere,Mcfadden,NULL,chere.mcfadden@yahoo.com,695 San Pablo Drive,Orchard Park,"NY,14127"
246,Dionne,Norris,NULL,dionne.norris@yahoo.com,9993 Greenview Circle,Niagara Falls,"NY,14304"
775,Kermit,Hyde,NULL,kermit.hyde@hotmail.com,87 SE. Carson St.,Patchogue,"NY,11772"
637,Kara,Higgins,NULL,kara.higgins@aol.com,758 Jennings Street,Ossining,"NY,10562"
1032,Vernon,Knowles,NULL,vernon.knowles@yahoo.com,5 Olive Lane,Huntington Station,"NY,11746"
1234,Joshua,Berg,NULL,joshua.berg@hotmail.com,16 East St.,Ossining,"NY,10562"
325,Berna,Moore,NULL,berna.moore@hotmail.com,7230 Lafayette Drive,Bronx,"NY,10451"
469,Micki,Rutledge,NULL,micki.rutledge@aol.com,9868 Marvon Street,Richmond Hill,"NY,11418"
171,Miriam,Baker,NULL,miriam.baker@hotmail.com,90 Studebaker St.,Uniondale,"NY,11553"
404,Augustus,Steele,NULL,augustus.steele@aol.com,7474 N. Orchard St.,Ballston Spa,"NY,12020"
753,Mandi,Gibbs,NULL,mandi.gibbs@gmail.com,80 Sycamore Drive,East Elmhurst,"NY,11369"
839,Carolann,Russell,NULL,carolann.russell@hotmail.com,9308 Selby Ave.,Glen Cove,"NY,11542"
575,Laurence,Christian,NULL,laurence.christian@gmail.com,2 Maple St.,Jamaica,"NY,11432"
1379,Dorine,Thornton,NULL,dorine.thornton@gmail.com,8730 N. Atlantic Street,Sunnyside,"NY,11104"
702,Sharie,Whitaker,NULL,sharie.whitaker@hotmail.com,7 Bayport Lane,Merrick,"NY,11566"
1364,Grisel,Maynard,NULL,grisel.maynard@msn.com,353 North Arch St.,Ballston Spa,"NY,12020"
1132,Parthenia,Holman,NULL,parthenia.holman@gmail.com,17 Orange Court,Ithaca,"NY,14850"
1338,Inez,Snider,NULL,inez.snider@gmail.com,837 Catherine Lane,Ronkonkoma,"NY,11779"
22,Adelle,Larsen,NULL,adelle.larsen@gmail.com,683 West Kirkland Dr.,East Northport,"NY,11731"
419,Krystin,Marshall,NULL,krystin.marshall@hotmail.com,10 Old Proctor Lane,Poughkeepsie,"NY,12601"
661,Trena,Hudson,NULL,trena.hudson@hotmail.com,135 Grand Ave.,Monroe,"NY,10950"
1157,Anton,Barton,(716) 472-3707,anton.barton@msn.com,7284 East Indian Spring Rd.,Buffalo,"NY,14215"
129,Walton,Dejesus,NULL,walton.dejesus@yahoo.com,15 Washington Rd.,Lockport,"NY,14094"
331,Aleta,Mack,NULL,aleta.mack@yahoo.com,8869 W. Edgemont Lane,Bay Shore,"NY,11706"
112,Yuk,Vega,NULL,yuk.vega@yahoo.com,413 Wood St.,West Hempstead,"NY,11552"
1380,Eliz,Lynch,NULL,eliz.lynch@hotmail.com,717 West Deerfield Ave.,Uniondale,"NY,11553"
520,Andreas,Herman,NULL,andreas.herman@msn.com,456 Rock Creek Street,Mount Vernon,"NY,10550"
824,Veronika,Rollins,NULL,veronika.rollins@yahoo.com,94 Arnold Ave.,Webster,"NY,14580"
139,Wanita,Davenport,NULL,wanita.davenport@aol.com,525 Dogwood Ave.,Spring Valley,"NY,10977"
335,Scarlet,Reed,NULL,scarlet.reed@hotmail.com,151 S. Myers Court,Bronx,"NY,10451"
984,Ivette,Warren,NULL,ivette.warren@gmail.com,8408 Thomas Street,Franklin Square,"NY,11010"
15,Linnie,Branch,NULL,linnie.branch@gmail.com,314 South Columbia Ave.,Plattsburgh,"NY,12901"
927,Guillermo,Hart,(212) 652-7198,guillermo.hart@hotmail.com,81 Indian Summer Drive,New York,"NY,10002"
1372,Renna,Williams,NULL,renna.williams@hotmail.com,7398 SW. Glen Ridge Road,South Ozone Park,"NY,11420"
972,Damian,Mills,(562) 924-3079,damian.mills@yahoo.com,7747 Elm Dr.,Long Beach,"NY,11561"
190,Toya,Pratt,(562) 218-6405,toya.pratt@yahoo.com,485 San Pablo Drive,Long Beach,"NY,11561"
195,Addie,Hahn,NULL,addie.hahn@hotmail.com,8165 Baker Ave.,Franklin Square,"NY,11010"
1219,Alden,Atkinson,NULL,alden.atkinson@gmail.com,46 Valley St.,Shirley,"NY,11967"
86,Lissa,Vargas,NULL,lissa.vargas@yahoo.com,517 Victoria Ave.,Oswego,"NY,13126"
717,Kristofer,Craig,NULL,kristofer.craig@yahoo.com,6 Delaware Lane,Plainview,"NY,11803"
890,Rosanne,George,NULL,rosanne.george@yahoo.com,38 Pleasant St.,Ossining,"NY,10562"
1439,Florrie,Little,NULL,florrie.little@yahoo.com,8330 Marsh St.,New Rochelle,"NY,10801"
516,Rosa,Kinney,NULL,rosa.kinney@yahoo.com,330 Highland Drive,Brooklyn,"NY,11201"
1320,Obdulia,Barber,NULL,obdulia.barber@gmail.com,878 Lexington Rd.,Newburgh,"NY,12550"
1408,Eleanor,Mendez,NULL,eleanor.mendez@yahoo.com,4 West St.,Port Chester,"NY,10573"
986,Marcel,Lindsay,NULL,marcel.lindsay@hotmail.com,249 Peninsula St.,Ossining,"NY,10562"
934,Ocie,Slater,NULL,ocie.slater@msn.com,7799 W. Bohemia Dr.,Hamburg,"NY,14075"
1078,Theresia,Barron,NULL,theresia.barron@aol.com,951 Wild Rose Street,Forest Hills,"NY,11375"
1303,Renay,Atkins,NULL,renay.atkins@aol.com,7146 Leeton Ridge Ave.,Woodside,"NY,11377"
1099,Jewell,Reyes,NULL,jewell.reyes@hotmail.com,8711 Glen Creek Drive,Jackson Heights,"NY,11372"
284,Susann,Bass,NULL,susann.bass@msn.com,21 Old Rock Maple Ave.,Commack,"NY,11725"
612,Gabriel,Wagner,NULL,gabriel.wagner@msn.com,7921 Manhattan Ave.,Ballston Spa,"NY,12020"
785,Kandis,Mills,NULL,kandis.mills@hotmail.com,64 Beechwood Drive,Hamburg,"NY,14075"
869,Rodrigo,Durham,NULL,rodrigo.durham@aol.com,82 Old Church Road,Richmond Hill,"NY,11418"
1199,Consuela,Collier,NULL,consuela.collier@msn.com,338 S. Holly Avenue,North Tonawanda,"NY,14120"
1067,Lillia,Gillespie,NULL,lillia.gillespie@hotmail.com,382 Cardinal Dr.,Rego Park,"NY,11374"
1119,Tora,Dunlap,NULL,tora.dunlap@hotmail.com,9903 North Halifax Ave.,Monsey,"NY,10952"
1155,Verdell,Joyner,NULL,verdell.joyner@aol.com,9191 Sierra St.,Far Rockaway,"NY,11691"
383,Ashlee,Pena,NULL,ashlee.pena@aol.com,966 Highland St.,Whitestone,"NY,11357"
769,Agatha,Melton,NULL,agatha.melton@yahoo.com,89 East Illinois Street,Springfield Gardens,"NY,11413"
118,Le,Wood,NULL,le.wood@yahoo.com,90 Primrose Dr.,Pittsford,"NY,14534"
1093,Alejandrina,Hodges,NULL,alejandrina.hodges@msn.com,7598 Shadow Brook St.,Deer Park,"NY,11729"
1344,Eloisa,Tucker,NULL,eloisa.tucker@hotmail.com,7268 Leatherwood Ave.,Howard Beach,"NY,11414"
550,Felicidad,Golden,NULL,felicidad.golden@yahoo.com,9712 Coffee Ave.,Lockport,"NY,14094"
277,Mark,Garrett,NULL,mark.garrett@msn.com,285 Rosewood Dr.,Monroe,"NY,10950"
1200,Aubrey,Durham,NULL,aubrey.durham@aol.com,14 Foster Ave.,Port Washington,"NY,11050"
892,Alissa,Craft,NULL,alissa.craft@hotmail.com,249 Maple Street,Ossining,"NY,10562"
1193,Phebe,Soto,NULL,phebe.soto@hotmail.com,9239 Leatherwood Rd.,South Ozone Park,"NY,11420"
1090,Ira,Erickson,NULL,ira.erickson@aol.com,6 Lake Forest St.,Port Jefferson Station,"NY,11776"
470,Loise,Walker,NULL,loise.walker@aol.com,201 Glen Eagles St.,Shirley,"NY,11967"
912,Inocencia,Key,NULL,inocencia.key@hotmail.com,36 Wild Rose Ave.,Massapequa Park,"NY,11762"
1005,Ruthanne,Franco,NULL,ruthanne.franco@yahoo.com,61 Applegate St.,Astoria,"NY,11102"
845,Kathyrn,Bush,NULL,kathyrn.bush@gmail.com,90 Devon St.,Bronx,"NY,10451"
1117,Jeffrey,Hill,NULL,jeffrey.hill@gmail.com,2 Shub Farm St.,Rosedale,"NY,11422"
1196,Ileana,Holt,NULL,ileana.holt@msn.com,817 Adams St.,Patchogue,"NY,11772"
295,Danny,Kim,NULL,danny.kim@msn.com,74 Essex Drive,South Ozone Park,"NY,11420"
1171,Earlean,Pena,NULL,earlean.pena@yahoo.com,7698 Fulton St.,Rome,"NY,13440"
1441,Jamaal,Morrison,NULL,jamaal.morrison@msn.com,796 SE. Nut Swamp St.,Staten Island,"NY,10301"
762,Quyen,Houston,NULL,quyen.houston@gmail.com,7758 Homewood Dr.,Central Islip,"NY,11722"
507,Sheree,Pena,NULL,sheree.pena@yahoo.com,822 Virginia Court,Staten Island,"NY,10301"
346,Jacalyn,Barnett,NULL,jacalyn.barnett@gmail.com,7537 Swanson Street,Maspeth,"NY,11378"
873,Patience,Clayton,NULL,patience.clayton@hotmail.com,68 Chestnut Dr.,Niagara Falls,"NY,14304"
466,Collen,Hayes,NULL,collen.hayes@yahoo.com,117 Eagle St.,Smithtown,"NY,11787"
547,Tena,Huber,NULL,tena.huber@gmail.com,185 East Littleton St.,Newburgh,"NY,12550"
1335,Corina,Lynch,NULL,corina.lynch@msn.com,44 Sunbeam Dr.,Rosedale,"NY,11422"
1440,Ernest,Rollins,NULL,ernest.rollins@yahoo.com,4 West Ridge Dr.,Oakland Gardens,"NY,11364"
446,Nathanael,Bradley,NULL,nathanael.bradley@aol.com,58 Third St.,Amsterdam,"NY,12010"
770,Lavonda,Stephenson,NULL,lavonda.stephenson@gmail.com,37 Birchwood Dr.,Bay Shore,"NY,11706"
1394,Genny,Fields,NULL,genny.fields@msn.com,9145 San Juan Dr.,Amityville,"NY,11701"
85,Teofila,Fischer,NULL,teofila.fischer@aol.com,1 West Brickyard St.,Huntington Station,"NY,11746"
1268,Sung,Chambers,NULL,sung.chambers@gmail.com,369 N. Virginia Street,Kingston,"NY,12401"
863,Shonta,Preston,NULL,shonta.preston@msn.com,74 Division St.,Utica,"NY,13501"
766,Lecia,Hancock,NULL,lecia.hancock@hotmail.com,9167 Pineknoll St.,Schenectady,"NY,12302"
894,Nathaniel,Richard,NULL,nathaniel.richard@gmail.com,3 Nicolls Lane,New Windsor,"NY,12553"
1161,Santa,Larson,NULL,santa.larson@gmail.com,5 Bellevue Dr.,Valley Stream,"NY,11580"
956,Venus,Hewitt,NULL,venus.hewitt@msn.com,9835 Old Cemetery Lane,Farmingdale,"NY,11735"
1237,Luke,Kramer,NULL,luke.kramer@hotmail.com,7955 Delaware Drive,Bethpage,"NY,11714"
653,Florencio,Davenport,NULL,florencio.davenport@yahoo.com,8759 Brookside Ave.,Jamestown,"NY,14701"
647,Janelle,Maldonado,NULL,janelle.maldonado@gmail.com,34 Mammoth Street,Richmond Hill,"NY,11418"
930,Delana,Wagner,NULL,delana.wagner@aol.com,8499 Mill Pond Road,Clifton Park,"NY,12065"
234,Winfred,Harris,NULL,winfred.harris@msn.com,734 Glen Eagles St.,East Meadow,"NY,11554"
723,Vicki,Wiggins,NULL,vicki.wiggins@hotmail.com,71 Broad Ave.,Wappingers Falls,"NY,12590"
59,Latasha,Stanley,NULL,latasha.stanley@gmail.com,8068 Fordham Drive,Rockville Centre,"NY,11570"
196,Edythe,Valencia,NULL,edythe.valencia@yahoo.com,9346 Wall St.,North Tonawanda,"NY,14120"
130,Wes,Stanton,(248) 247-5074,wes.stanton@msn.com,8662 Tunnel Street,Troy,"NY,12180"
1265,Bonita,Marshall,NULL,bonita.marshall@msn.com,48 Bald Hill Drive,Endicott,"NY,13760"
1279,Stan,Saunders,NULL,stan.saunders@yahoo.com,407 Essex Dr.,Canandaigua,"NY,14424"
1056,Rebbecca,Espinoza,NULL,rebbecca.espinoza@hotmail.com,8266 Valley Farms Road,Mount Vernon,"NY,10550"
1057,Conchita,Boone,NULL,conchita.boone@gmail.com,814 Birchpond Lane,Mount Vernon,"NY,10550"
610,Leonore,Dorsey,NULL,leonore.dorsey@yahoo.com,8213 South Branch Avenue,Jackson Heights,"NY,11372"
1055,Hildegarde,Christensen,NULL,hildegarde.christensen@hotmail.com,488 East Mill Pond Ave.,Maspeth,"NY,11378"
340,Yanira,Bradshaw,NULL,yanira.bradshaw@gmail.com,7484 Ann Court,Smithtown,"NY,11787"
740,Gwenn,Melton,NULL,gwenn.melton@yahoo.com,9545 Wakehurst Drive,Centereach,"NY,11720"
1022,Hye,Mercer,NULL,hye.mercer@gmail.com,9681 Redwood St.,Mahopac,"NY,10541"
1109,Gussie,Harding,NULL,gussie.harding@gmail.com,41 Edgefield Avenue,Deer Park,"NY,11729"
212,Buford,Bridges,(248) 604-7346,buford.bridges@msn.com,239 Oak Valley Court,Troy,"NY,12180"
381,Kristen,Alvarez,NULL,kristen.alvarez@aol.com,9778 North River St.,Bronx,"NY,10451"
374,Candelaria,Coffey,NULL,candelaria.coffey@aol.com,45 Newport Lane,Merrick,"NY,11566"
105,Marget,Hodge,NULL,marget.hodge@msn.com,7199 Selby Lane,Woodhaven,"NY,11421"
858,Klara,Kim,NULL,klara.kim@gmail.com,9660 Sherman Lane,Rome,"NY,13440"
692,Dorothea,Chang,NULL,dorothea.chang@gmail.com,75 Oak Ave.,Astoria,"NY,11102"
1004,Jerald,Blackwell,NULL,jerald.blackwell@hotmail.com,8364 South Wakehurst Ave.,East Elmhurst,"NY,11369"
879,Ethelyn,Ray,NULL,ethelyn.ray@yahoo.com,80 South Sutor Lane,Garden City,"NY,11530"
206,Stephaine,Riddle,NULL,stephaine.riddle@hotmail.com,199 Vermont Court,Brooklyn,"NY,11201"
1413,Ophelia,Decker,NULL,ophelia.decker@yahoo.com,69 Rockwell Court,New Windsor,"NY,12553"
748,Oliva,Blackwell,NULL,oliva.blackwell@hotmail.com,54 Ramblewood St.,Elmhurst,"NY,11373"
960,Arline,Lawson,(516) 792-3395,arline.lawson@gmail.com,48 Whitemarsh Lane,Hempstead,"NY,11550"
399,Bart,Hess,NULL,bart.hess@aol.com,799 N. Maiden Street,Kingston,"NY,12401"
728,Viva,Dawson,NULL,viva.dawson@yahoo.com,446 Princess Ave.,Orchard Park,"NY,14127"
189,Damian,Dawson,NULL,damian.dawson@hotmail.com,528 St Margarets Street,Liverpool,"NY,13090"
384,Aimee,Merritt,NULL,aimee.merritt@yahoo.com,537 East Meadowbrook St.,Flushing,"NY,11354"
733,Doreatha,Ford,NULL,doreatha.ford@yahoo.com,9413 Ryan Ave.,Huntington,"NY,11743"
756,Graig,Roth,NULL,graig.roth@aol.com,7516 Wrangler Street,West Babylon,"NY,11704"
1142,Britteny,Schroeder,NULL,britteny.schroeder@aol.com,855 Bohemia Dr.,Pittsford,"NY,14534"
995,Amina,Salazar,NULL,amina.salazar@aol.com,944 Wellington Street,Canandaigua,"NY,14424"
1356,Inger,Jennings,NULL,inger.jennings@yahoo.com,38 NW. Shore Lane,Patchogue,"NY,11772"
220,Lucio,Sherman,NULL,lucio.sherman@gmail.com,842 Corona Ave.,Smithtown,"NY,11787"
920,James,Robles,NULL,james.robles@aol.com,9 Chapel Lane,North Tonawanda,"NY,14120"
355,Arvilla,Weiss,NULL,arvilla.weiss@msn.com,477 Blue Spring St.,Bay Shore,"NY,11706"
1070,Olimpia,Mays,NULL,olimpia.mays@aol.com,42 Nichols Lane,Oakland Gardens,"NY,11364"
424,Charleen,Hurst,NULL,charleen.hurst@yahoo.com,87 Country Avenue,Utica,"NY,13501"
1293,Sally,Kinney,NULL,sally.kinney@msn.com,7565 High Dr.,Floral Park,"NY,11001"
945,Krissy,Ochoa,NULL,krissy.ochoa@msn.com,80 Queen Ave.,Port Washington,"NY,11050"
1131,Desmond,Rose,NULL,desmond.rose@hotmail.com,9956 Lexington Rd.,Mount Vernon,"NY,10550"
48,Cesar,Jackson,NULL,cesar.jackson@gmail.com,8068 N. Griffin Ave.,Liverpool,"NY,13090"
51,Gertrud,Rhodes,NULL,gertrud.rhodes@aol.com,9961 Meadowbrook Street,Merrick,"NY,11566"
497,Ezra,Fowler,NULL,ezra.fowler@hotmail.com,16 Pearl St.,Nanuet,"NY,10954"
1167,Ryan,Carter,NULL,ryan.carter@yahoo.com,8684 Studebaker Road,Nanuet,"NY,10954"
664,Augustus,Schmidt,NULL,augustus.schmidt@msn.com,624 Jones Dr.,Corona,"NY,11368"
113,Eliana,Silva,NULL,eliana.silva@gmail.com,7119 Summer Rd.,Farmingdale,"NY,11735"
792,Edgar,Horn,NULL,edgar.horn@aol.com,7270 W. Cherry Hill Lane,West Babylon,"NY,11704"
108,Shae,Hickman,NULL,shae.hickman@hotmail.com,740 Pin Oak Street,Floral Park,"NY,11001"
1174,Aaron,Knapp,(914) 402-4335,aaron.knapp@yahoo.com,807 Grandrose Ave.,Yonkers,"NY,10701"
936,Sherilyn,Wilcox,NULL,sherilyn.wilcox@gmail.com,905 North Buckingham Lane,Ossining,"NY,10562"
107,Cecil,Hopper,NULL,cecil.hopper@yahoo.com,471 Glenlake Ave.,Central Islip,"NY,11722"
137,Shonta,Mercer,NULL,shonta.mercer@aol.com,319 NE. La Sierra Avenue,Massapequa,"NY,11758"
499,Lidia,Ashley,NULL,lidia.ashley@hotmail.com,8436 Meadow St.,Baldwinsville,"NY,13027"
606,Sarah,Kirkland,NULL,sarah.kirkland@aol.com,42 N. Glendale Avenue,Wappingers Falls,"NY,12590"
1166,Junita,Reese,NULL,junita.reese@gmail.com,8773 North Walt Whitman Court,Bay Shore,"NY,11706"
800,Cris,Dunn,NULL,cris.dunn@yahoo.com,1 Pawnee Street,Pittsford,"NY,14534"
435,Izola,Hobbs,NULL,izola.hobbs@gmail.com,685 Beacon Dr.,Woodhaven,"NY,11421"
396,Laverna,Hernandez,NULL,laverna.hernandez@hotmail.com,34 South Longfellow St.,Niagara Falls,"NY,14304"
1326,Tarra,Guerrero,NULL,tarra.guerrero@aol.com,10 Baker St.,Auburn,"NY,13021"
400,Alfredo,Dodson,NULL,alfredo.dodson@hotmail.com,8960 Glenholme Dr.,Depew,"NY,14043"
1025,Daphine,Willis,NULL,daphine.willis@msn.com,152 Shady St.,Farmingdale,"NY,11735"
649,Eli,Contreras,NULL,eli.contreras@hotmail.com,35 Highland Ave.,Ronkonkoma,"NY,11779"
967,Laurette,Hebert,NULL,laurette.hebert@msn.com,18 South Constitution Court,Canandaigua,"NY,14424"
1207,Jenell,Crosby,(631) 544-4772,jenell.crosby@hotmail.com,507 Fulton Street,Brentwood,"NY,11717"
663,Alissa,Hood,NULL,alissa.hood@gmail.com,8032 Maple Drive,New Windsor,"NY,12553"
1348,Yvone,Guerrero,NULL,yvone.guerrero@aol.com,8548 Jackson Ave.,Merrick,"NY,11566"
1287,Victor,Pittman,NULL,victor.pittman@aol.com,9294 Devon Dr.,Astoria,"NY,11102"
1128,Bea,Kane,NULL,bea.kane@aol.com,398 Green Lake Ave.,Mahopac,"NY,10541"
719,Nicki,Fry,NULL,nicki.fry@hotmail.com,950 Snake Hill Lane,Endicott,"NY,13760"
263,Dortha,Jarvis,(442) 919-8256,dortha.jarvis@yahoo.com,76 Prince Drive,Oceanside,"NY,11572"
1037,Ashanti,Hammond,NULL,ashanti.hammond@msn.com,9202 W. Lyme Ave.,Nanuet,"NY,10954"
784,Debbra,Jacobson,NULL,debbra.jacobson@yahoo.com,8316 West Bedford Ave.,Ballston Spa,"NY,12020"
783,Celestine,Kent,(717) 890-4260,celestine.kent@aol.com,697 Fordham Street,Lancaster,"NY,14086"
362,Olevia,Noel,NULL,olevia.noel@yahoo.com,39 N. Rosewood Dr.,Kingston,"NY,12401"
676,Gayle,Wilkinson,NULL,gayle.wilkinson@yahoo.com,4 Riverside Ave.,Lindenhurst,"NY,11757"
216,Wai,Soto,NULL,wai.soto@msn.com,30 Arch Drive,Bethpage,"NY,11714"
528,Angele,Schroeder,(845) 804-6312,angele.schroeder@yahoo.com,33 S. Shadow Brook Street,New City,"NY,10956"
1034,Rico,Salas,NULL,rico.salas@msn.com,8041 Walt Whitman St.,Centereach,"NY,11720"
937,Aida,Koch,NULL,aida.koch@gmail.com,9778 3rd Drive,West Hempstead,"NY,11552"
791,Yun,Nelson,NULL,yun.nelson@hotmail.com,529 Durham Street,Ballston Spa,"NY,12020"
63,Tenisha,Lyons,NULL,tenisha.lyons@aol.com,78 E. Rock Creek Street,Amityville,"NY,11701"
71,Takako,Casey,NULL,takako.casey@aol.com,7548 Court Lane,Bronx,"NY,10451"
292,Monty,Frost,(516) 460-5396,monty.frost@aol.com,76 Foxrun Dr.,Hempstead,"NY,11550"
309,Anderson,Martin,NULL,anderson.martin@hotmail.com,9051 Hillside Dr.,Canandaigua,"NY,14424"
1247,Tammie,Cherry,NULL,tammie.cherry@hotmail.com,791 Wakehurst Dr.,Massapequa,"NY,11758"
334,Somer,Jordan,NULL,somer.jordan@msn.com,7046 Helen Avenue,Huntington Station,"NY,11746"
1305,Dalia,Carson,(507) 186-2004,dalia.carson@aol.com,7175 Galvin St.,Rochester,"NY,14606"
903,Maira,Long,NULL,maira.long@msn.com,7587 Bear Hill Street,Hicksville,"NY,11801"
880,Phebe,Turner,NULL,phebe.turner@aol.com,4 West York Street,Sunnyside,"NY,11104"
338,Abbey,Pugh,NULL,abbey.pugh@gmail.com,26 Market Drive,Forest Hills,"NY,11375"
1319,Claris,Santiago,NULL,claris.santiago@msn.com,763 Mountainview Dr.,Newburgh,"NY,12550"
310,Gilberto,Parsons,NULL,gilberto.parsons@gmail.com,8115 North Edgewater Drive,Middle Village,"NY,11379"
658,Nicki,Larson,NULL,nicki.larson@yahoo.com,8317 West Leatherwood Dr.,Monsey,"NY,10952"
626,Leigh,Burke,NULL,leigh.burke@hotmail.com,7651 Creek St.,Schenectady,"NY,12302"
353,Tisa,Whitney,NULL,tisa.whitney@yahoo.com,549 Newbridge Dr.,Monsey,"NY,10952"
836,Corinna,Adams,NULL,corinna.adams@msn.com,38 Trenton Court,Rosedale,"NY,11422"
682,Arnita,Thomas,NULL,arnita.thomas@gmail.com,154 2nd St.,Orchard Park,"NY,14127"
657,Sam,Lester,NULL,sam.lester@gmail.com,563 South Beacon Lane,Baldwin,"NY,11510"
843,Tessie,Farmer,NULL,tessie.farmer@msn.com,870 Cottage Ave.,Plattsburgh,"NY,12901"
829,Marcy,Rodriguez,NULL,marcy.rodriguez@gmail.com,97 Trusel Drive,Lockport,"NY,14094"
441,Dorthea,Walker,NULL,dorthea.walker@aol.com,11 Third St.,Port Washington,"NY,11050"
1177,Charlesetta,Soto,NULL,charlesetta.soto@yahoo.com,25 South Colonial Drive,Poughkeepsie,"NY,12601"
454,Terese,Palmer,NULL,terese.palmer@hotmail.com,8 Sugar Drive,Bay Shore,"NY,11706"
183,Jeniffer,Ratliff,NULL,jeniffer.ratliff@gmail.com,510 Rocky River Court,Floral Park,"NY,11001"
99,Carie,Kidd,NULL,carie.kidd@yahoo.com,6 East Clinton Street,Monroe,"NY,10950"
496,Shu,Mays,NULL,shu.mays@gmail.com,996 St Margarets Lane,Astoria,"NY,11102"
683,Amparo,Burks,NULL,amparo.burks@aol.com,7781 Augusta St.,Merrick,"NY,11566"
127,Erlinda,Nielsen,NULL,erlinda.nielsen@aol.com,728 Oxford Lane,Maspeth,"NY,11378"
515,Reita,Dickson,NULL,reita.dickson@hotmail.com,7506 Mechanic Dr.,Scarsdale,"NY,10583"
128,Terrance,Lynn,NULL,terrance.lynn@yahoo.com,91 East Buckingham Drive,Plattsburgh,"NY,12901"
101,Nichelle,Howell,NULL,nichelle.howell@aol.com,7670 Forest St.,Scarsdale,"NY,10583"
1172,Katherin,Clark,NULL,katherin.clark@yahoo.com,996 Iroquois Street,Pittsford,"NY,14534"
988,Vanda,Holmes,NULL,vanda.holmes@aol.com,9835 Wild Rose Drive,Syosset,"NY,11791"
1371,Pandora,Estes,NULL,pandora.estes@aol.com,228 Shadow Brook Drive,New Hyde Park,"NY,11040"
1424,Lashunda,Cole,NULL,lashunda.cole@hotmail.com,783 Baker St.,Monsey,"NY,10952"
269,Barton,Crosby,NULL,barton.crosby@msn.com,896 Edgewater St.,Bellmore,"NY,11710"
1358,Noble,Glover,NULL,noble.glover@gmail.com,728 W. Rocky River Street,Orchard Park,"NY,14127"
84,Armand,Whitehead,NULL,armand.whitehead@hotmail.com,639 Harvey St.,Lindenhurst,"NY,11757"
549,Elmo,Arnold,(562) 841-9339,elmo.arnold@aol.com,7616 Lyme Rd.,Long Beach,"NY,11561"
205,Harris,Pittman,NULL,harris.pittman@yahoo.com,404 Cherry Hill Road,Jamaica,"NY,11432"
1191,Tam,Fisher,(507) 351-9375,tam.fisher@aol.com,8000 Woodsman Lane,Rochester,"NY,14606"
1190,Romeo,Steele,NULL,romeo.steele@msn.com,162 Crescent Lane,Port Jefferson Station,"NY,11776"
854,Phylis,Adkins,(212) 325-9145,phylis.adkins@msn.com,7781 James Ave.,New York,"NY,10002"
628,Ehtel,Cobb,NULL,ehtel.cobb@hotmail.com,741 Rockville Drive,Lockport,"NY,14094"
780,Ouida,Gregory,NULL,ouida.gregory@aol.com,7984 8th Street,Merrick,"NY,11566"
49,Caroll,Hays,NULL,caroll.hays@yahoo.com,9381 Wrangler St.,Fairport,"NY,14450"
214,Ross,Pugh,NULL,ross.pugh@msn.com,8598 Saxon St.,North Tonawanda,"NY,14120"
6,Lyndsey,Bean,NULL,lyndsey.bean@hotmail.com,769 West Road,Fairport,"NY,14450"
485,Catherine,Miles,NULL,catherine.miles@msn.com,7189 Elm Dr.,East Elmhurst,"NY,11369"
1373,Lanora,Robbins,NULL,lanora.robbins@hotmail.com,31 W. Maiden Lane,West Babylon,"NY,11704"
1114,Douglass,Blankenship,(229) 891-2087,douglass.blankenship@hotmail.com,409 W. Rock Maple Lane,Albany,"NY,12203"
1392,Trista,Lambert,NULL,trista.lambert@gmail.com,79 River Street,Fairport,"NY,14450"
1028,Shanna,Bonner,NULL,shanna.bonner@msn.com,386 Lafayette Road,Canandaigua,"NY,14424"
864,Lore,Sykes,(716) 382-5169,lore.sykes@aol.com,7050 Beach Drive,Buffalo,"NY,14215"
162,Kam,Wilder,NULL,kam.wilder@hotmail.com,500 West Clay Ave.,Newburgh,"NY,12550"
877,Janine,Manning,NULL,janine.manning@gmail.com,9118B Campfire St.,Howard Beach,"NY,11414"
10,Pamelia,Newman,NULL,pamelia.newman@gmail.com,476 Chestnut Ave.,Monroe,"NY,10950"
537,Carter,Bentley,NULL,carter.bentley@yahoo.com,145 North Bridle Ave.,Carmel,"NY,10512"
478,Emmett,Hahn,NULL,emmett.hahn@hotmail.com,7727 6th St.,Freeport,"NY,11520"
798,Alyse,Jacobson,NULL,alyse.jacobson@yahoo.com,10 West Devon Lane,Massapequa Park,"NY,11762"
1046,Dane,Mcdaniel,NULL,dane.mcdaniel@hotmail.com,891 Court Ave.,Canandaigua,"NY,14424"
98,Violet,Valenzuela,NULL,violet.valenzuela@msn.com,8668 Piper Street,Plattsburgh,"NY,12901"
1422,Tempie,Jacobson,NULL,tempie.jacobson@hotmail.com,136 Old Fairview St.,Smithtown,"NY,11787"
593,Antony,Atkinson,NULL,antony.atkinson@msn.com,680 East Birchwood Lane,Smithtown,"NY,11787"
755,Tomika,Wilder,NULL,tomika.wilder@aol.com,142 South Ocean St.,New Hyde Park,"NY,11040"
1365,Shenna,Espinoza,NULL,shenna.espinoza@gmail.com,202 North George Street,Queensbury,"NY,12804"
1289,Shanelle,Anderson,NULL,shanelle.anderson@yahoo.com,646 Surrey Street,Bethpage,"NY,11714"
840,Gilbert,Calhoun,NULL,gilbert.calhoun@msn.com,7339 Summer Drive,East Elmhurst,"NY,11369"
336,Trisha,Johnson,(717) 126-8787,trisha.johnson@msn.com,59 Wild Horse St.,Lancaster,"NY,14086"
680,Mathilda,Pennington,(845) 407-9524,mathilda.pennington@gmail.com,14 S. Argyle Ave.,New City,"NY,10956"
201,Candis,Harding,NULL,candis.harding@gmail.com,33 NW. Cambridge Ave.,Ballston Spa,"NY,12020"
356,Vashti,Rosario,NULL,vashti.rosario@yahoo.com,623 Johnson Circle,Bronx,"NY,10451"
265,Mellisa,Farley,NULL,mellisa.farley@yahoo.com,21 West Princess St.,Central Islip,"NY,11722"
713,Ilona,Spears,NULL,ilona.spears@gmail.com,984 Canterbury Lane,Port Jefferson Station,"NY,11776"
781,Tajuana,Riddle,NULL,tajuana.riddle@hotmail.com,24 St Margarets Ave.,Bayside,"NY,11361"
726,Rochell,Cantrell,NULL,rochell.cantrell@yahoo.com,437 Water Dr.,Port Jefferson Station,"NY,11776"
787,Malisa,Mitchell,NULL,malisa.mitchell@msn.com,87 Ridgewood Court,Mount Vernon,"NY,10550"
544,Catarina,Mendez,NULL,catarina.mendez@hotmail.com,444 Hanover Court,West Islip,"NY,11795"
631,Tressa,Weiss,NULL,tressa.weiss@msn.com,52 Wild Rose Avenue,Ossining,"NY,10562"
1107,Lynda,Newman,NULL,lynda.newman@msn.com,44 SW. Thomas Ave.,Saratoga Springs,"NY,12866"
197,Andy,O'neill,NULL,andy.o'neill@msn.com,9544 Mulberry Drive,Rego Park,"NY,11374"
861,Olympia,Figueroa,NULL,olympia.figueroa@hotmail.com,587 Surrey St.,Hopewell Junction,"NY,12533"
695,Christoper,Gould,NULL,christoper.gould@aol.com,8718 South Constitution St.,Shirley,"NY,11967"
1154,Barry,Albert,NULL,barry.albert@gmail.com,13 Grand St.,Auburn,"NY,13021"
905,Hae,Ramirez,NULL,hae.ramirez@hotmail.com,9367 Lake Street,Baldwinsville,"NY,13027"
1047,Jamaal,Baker,NULL,jamaal.baker@hotmail.com,186 Big Rock Cove Ave.,Elmhurst,"NY,11373"
369,Mary,Singleton,NULL,mary.singleton@hotmail.com,474 Amerige Ave.,Woodside,"NY,11377"
42,Tangela,Quinn,NULL,tangela.quinn@aol.com,4 S. Purple Finch Road,Richmond Hill,"NY,11418"
276,Lavette,Wright,NULL,lavette.wright@msn.com,6 Windsor Street,Ronkonkoma,"NY,11779"
1042,Larissa,Hays,NULL,larissa.hays@aol.com,66 2nd Drive,Elmont,"NY,11003"
588,Cherelle,Key,NULL,cherelle.key@msn.com,7739 Snake Hill Lane,Valley Stream,"NY,11580"
616,Shery,Acosta,NULL,shery.acosta@yahoo.com,17 Canal Ave.,Saratoga Springs,"NY,12866"
1327,Consuela,Romero,NULL,consuela.romero@hotmail.com,54 Elm Court,Monroe,"NY,10950"
1113,Kendra,Harrington,NULL,kendra.harrington@yahoo.com,768 Cooper Street,Jamestown,"NY,14701"
1255,Ben,Stone,NULL,ben.stone@gmail.com,8855 University St.,Ithaca,"NY,14850"
465,Birdie,Kramer,(248) 725-2174,birdie.kramer@hotmail.com,311 Newcastle Dr.,Troy,"NY,12180"
1260,Phuong,Wolf,NULL,phuong.wolf@yahoo.com,7765 N. Annadale Dr.,Schenectady,"NY,12302"
715,Larae,Carney,NULL,larae.carney@msn.com,9322 Glen Ridge Dr.,Sunnyside,"NY,11104"
364,Bev,Chang,NULL,bev.chang@yahoo.com,104 Rockville St.,Ithaca,"NY,14850"
1112,Hollis,Rasmussen,NULL,hollis.rasmussen@yahoo.com,8949 S. Gates Road,Massapequa,"NY,11758"
531,Kimberely,Bowen,(248) 199-2582,kimberely.bowen@hotmail.com,88 Belmont Street,Troy,"NY,12180"
